placa,descricao
S/PLACA,GM/MONZA COR VERMELHA ANO MODELO 1994 IND. DE GOIANAPOLIS TRANSPORTANDO DROGAS PARA ANAPOLIS
6448,CORSA PRATA VELHO 3 INDIVIDUOS PRATICANDO 157
*****-OGW,MOTO PRETA COM 01 INDIVIDUO ARMADO PRATICOU 157 REGIAO DO BAIRRO PIRINEUS
0409-CFE,FIAT/UNO MILE VERM. ANO 96 - VEICULO FURTADO VISTO NA REGIAO DA JAIARA
0439-KLS,FORD/KA PRATA 98 POSSIVEL CLONE
0503-KDF,GM/CORSA WIND 96/97 VERMELHO UTILIZADO NO FURTO DA HONDA PRETA NWD-3524
0752-PQZ,HONDA/CG150 FAN ESDI 14/15 VERM - EVADIU DA VTR NO POLOCENTRO - SUSPEITA DE SER DOBRA
0813-OGO,HONDA/CG 150 TITAN PRETA 12/12 INDIVIDUOS PRATICANDO 157 UTILIZANDO ARMA DE FOGO
0924-OHK,CG 150 VERM - PROVAVEL PLACA DE MOTO UTILIZADA PARA 157 NA AV.10 DO PROGRESSO
0E32-RBO,HYUNDAI/HB20 ANO 20/20 BRANCA POSSIVEL CLONE NA CIDADE - VEICULO ABORDADO E NAO CONFERE
0H17-NFY,FIAT/ PALIO FIRE / CINZA / 06/07 - ARMA DE FOGO VISTA DENTRO DESTE VEICULO NO SETOR ALEXANDRINA - ABORDADO /NAO PROCEDE
0I98-RMQ,LOGAN PRATA 21/22 - Possivel estelionato a empresa Localiza
1059-PZL,FORD/ ECOSPORT SE 17/17 PRETA PRATICOU 157 BAIRRO VILA GOIS
1144-HGR (DF),HILUX PRATA ANO 06/06 - EVADIU DAS VTRS - POSSIVELMENTE PORTANDO ARMA DE FOGO
1187-NKD,VW GOL 1.0 G4 VERME 2008 UTILIZADO EM ROUBO DE CARGA
1385-OCH (FORTALEZA),VOYAGE PRATA ANO12 PRATICANDO 157 A VEICULOS NA REGIAO
1571-NVQ,RENAULT/LOGAN PRATA 10/11 INDIVIDUO ARMADO - VISTO PELO BL
1573-OGS,FIAT/ UNO MILLE WAY ANO 12/13 /PRATA DE ANPS - UTILIZADO PARA FURTO DE JETSKI EM GYN
1646-OMO (GYN),FIAT/STRADA ADVENTURE CD PRATA 12/13 - ENVOLVIDO EM ROUBO A FAZENDA - RODANDO ANPS - RECUPERADA PELO CPE CMD
1778-GKJ,VW / APOLO GLS. CINZA/6536 ANO 1991 PRODUTO DE 171
1814-PBQ,HONDA CITY BRANCA 2019 MILHAR 0743 - RODANDO EM ANPS PARA PRATICA DE 121 (chinelado)
2047-OMJ,VW GOL 1.6 12/13 G5 BRANCA FURTANDO PNEU DE VEICULOS
2329-KDI,CG/TITAN VERMELHA 99 PRATICANDO 157 NA AREA DAS FACULDADES
2431-QBR (MT),M.BENZ 415 MARIMAR COR BRANCA POSSIVEL AMBULANCIA FALSA P/ TRANSPORTE DE ILICITOS
2451-OGH (GYN),RENALT/LOGAN ANO 11/12 PRETO EVADIU DA VTR DE AREA NO JUNDIAI - TOMANDO SENTIDO DAIA
2455-PAW,JEEP COMPASS LIMITED/ DF BRANCO - ROUBADO NO DF - PODE ESTAR EM ANAPOLIS
2467-OTQ,I/ CHERY QQ 1.0 - BRANCA - 2014/15 - ESTEVE NO ANA SHOPPING E PERGUNTO SE OS SEGURANÇAS USAM ARMA
2585-KEE,FIAT/ PALIO WEEKEND CINZA 00/00 INDIVIDUO ARMADO PRATICANDO 157
2776-JKN (DF),HONDA/CG 125 FAN PRETA 13/14 TEVE SUA PLACA FURTADA
2812-NFI,FIAT /PALIO ELX PLACA DE TRINDADE - ENVOLVIDO EM ROUBO DE CARGA NA REGIAO DE ANAPOLIS
2826-KEP,PEUGEOT 206 CINZA 2001 REALIZANDO FURTO EM RESIDENCIA
2917-PGN (MT),HYUNDAI/HB20 1.0M COMFOR 13/14. PRATA/8248 POSSIVEL CLONE
2999-NKO,FORD/FIESTA PRETO 09/09 POSSIVEL CLONE RODANDO NA CIDADE
2D54-NLN,VECTRA ELEGANCE PRETA 09/09 - INDIVIDUO ANDANDO ARMADO PELO BAIRRO DE LOURDES
2G64-RBK (CATALAO),YAMAHA / FZ25 FAZER 250 VERMELHA ANO 20/20 VEICULO CLONADO RODANDO EM ANAPOLIS
2H80-QXZ,FIAT CRONOS DRIVE PRETO 20/20 Possivel estelionato na localiza
2J44-PQZ,YAMAHA/MT07 BRANCA ANO 15/16 INDIVIDUO POSSIVELMENTE PORTANDO ARMA DE FOGO
3001-JFE (DF),HYUNDAI/HB20 HATCH 13/14 AZUL ESCURO - PRATICA DE 157
3013-OMO,VOYAGE PRETO 13/13 POSSIVELMENTE ARMADO
3048-NKF (GYN),HONDA/BIZ 08/08 AMARELA - CASAL FEZ 157 A PESSOA NA AREA DO 4BPM
3083-NWL,MOTOCICLETA FAN 150 VERMELHA ANO 2011 - TEVE A PLACA FURTADA
3155-KEV,TITAN VERMELHA 125 KS 02/02 PRATICOU 157 PEDRO LUDOVICO
3474-HQS (MS),VW/SAVEIRO CINZA 91/91 - INDIVIDUO ARMADO - POSSIVEL AUTOR DE 157 NO POLOCENTRO
3515-OGT,VW/FOX PRATA 12/13 PRODUTO DE 171 - RODANDO EM ANAPOLIS
3533-GWE,VW/GOL GIV BRANCA 08/09
3649-LLL (RJ),FIAT/PALIO WK CINZA 11/11 INDIVIDUOS ARMADOS
3717-OMT,HONDA/ CG TITAN 150 PRETA 12/13 TEVE SUA PLACA FURTADA NO DAIA
3757-KEP,HONDA/CG 125 TITAN VERM 02/02 UTILIZADA P/ PRATICA DE TRAF DE DROGAS NA REGIAO DO IAPC
3935-KEI,GM/S10 BRANCA 01/01 - LEVOU DE 155 A MOTOCICLETA HONDA/FAN NWF-1784 NO DIA 02/09 - MOTO RECUPERADA-RAI-16260049
3964-JKD,SIENA FIRE 2012 PRATA UTILIZADO EM FURTO DE PNEUS
3B84-RFW,PEUGEOT/208 ACT - VEICULO LEVADO DE 171 VEICULO LOCALIZA
3J08-LPZ,VOYAGE PRATA 12/12 POSSIVELMENTE ARMADO
4226-KFC,L 200 4X4 GLS ANO 03/03 - VERDE VEICULO FURTADO/ROUBADO VISTO NA VILA FORMOSA
4291-OOD,TITAN VERMELHA 14/14 PRATICOU 157 PARQUE BRASILIA
4508-PRS,HONDA / CG160 FAN 19 VERMELHA SENDO UTILIZADA PARA A PRATICA DE FURTO DE MOTOS
4620-NGF,STRADA TOMADA DE 157 POREM SEM REGISTRO
4715-KEI,HONDA/CG 125 TITAN VERM. 01/01 - VEICULO UTILIZADO PARA PRATICA DE 157 NA CIDADE
4736-NWO,HONDA/BIZ 125 ES COR PRETA 11/11 MOTONETA ULTILIZADA PARA A PRATICA DE 157
4757-NVW,YAMAHA/FACTOR YBR 125 PRETA ANO 10/10 VEICULO CLONADO RODANDO EM ANAPOLIS
4797-NKU,FIAT/PALIO FIRE BRANCA 09/10 INDIVIDUO PORTANDO ARMA DE FOGO PRATICOU 157 ALDEIA DOS SONHOS
4899-ONE,HONDA CIVIC LXR 2014 COR BRANCA - POSSIVEL CLONE (POSSUI ENGATE)
4I89-PQW,GM/S 10 CINZA ANO 16/17 POSSIVELMENTE DOBRA RODANDO EM ANAPOLIS
5B70-NKC,HYUNDAI AZERA V6 PRETA - INDIVIDUO PORTANDO ARMA DE FOGO
5271-OVB,TITAN VERMELHA 14/14 - 2 individuos praticaram 157 portando arma de fogo no bairro Maracana
5416-IXC (DF),HONDA/HR-V LX CVT ANO 16/16 BRANCA PROVAVEL CLONE RODANDO EM ANAPOLIS
5423-NVO,HONDA/CG 150 TITAN MIX VERM 2010 PRATICOU 157 E TOMOU SENTIDO RECANTO DO SOL
5608-KEG,CG 125 TITAN KS 00/01 VERMELHA UTILIZADA PRATICA 157
5750-NGR,FIAT UNO 05/06 COR BRANCA TEVE SUA PLACA FURTADA
5857-CAI,FIAT/ UNO ELECTRONIC VERDE/1416 95/95 PRODUTO DE 168
5D18-RBZ,VW AMAROK COR PRETA 21/21 PROPRIETARIO DESAPARECIDO - VEICULO TRANSITANDO PELA REGIAO SUL DA CIDADE
5D66-NWO,FIAT/PALIO FIRE ECONOMY PRETO ANO 2012 COM O PROVAVEL AUTOR DE 121 NO RESID FLAMBOYANT
6004-NGG,CORSA CLASSIC LIFE AZUL UTILIZADO EM 155 EM RESIDENCIA
6041-PBM (DF),HYUNDAI/HB20 PRATA 18/19 POSSIVEL CLONE RODANDO EM ANAPOLIS
6369-JGD,CORSA HATCH BRANCO C/ADESIVO NO VIDRO TRAZEIRO PRAT.157
6442-NLH (GOIANIA),GM/ CAPTIVA PRETA 08/09 chassi 4952/ PRATICOU 155 EM RESIDENCIA NO BAIRRO VERONA
6513-JIH (DF),COROLLA GLI 1.8FLEX - CINZA/8228 ANO 10/11 - PRODUTO DE 171 NA OLX - RODANDO EM ANAPOLIS
6544-JGP,FIAT/PALIO FIRE 05/05 CINZA PRATICANDO 155 EM RESIDENCIAS
6659-EPG,VW / GOL 1.0 10/10 PRETA CHASSI: 7551 PLACA: DF ROUBO EM GYN LADRAO DE ANAPOLIS
6682-NGO,HONDA BIZ 125 KS - POSSIVEL APROPRIACAO INDEBITA
6709-OGV,FIAT / SIENA ATTRACTIV 1.4 12/13 CINZA POSSIVEL CLONE RODANDO EM ANAPOLIS
6713-OGX,GM/CLASSIC LS PRATA 12/12 PRATICOU 155 NA VILA SAO JOSE - ABORDADO NO DIA 04/09
6907-NGL,PLACA FURTADA DE TITAN150 CINZA 08 DE MINACOU
6990-OMQ,VOYAGE 12/13 PRATA DE INHUMAS - POSSIVEL VEICULO UTILIZADO EM LATROCINIO
6B03-JQH,FORD FOCUS PRETA 04/05 AUTOR DO HOMICIDIO NA JK
6D87-RFH,FIAT UNO ATTRACTIV PRATA 2020/2021 FEZ FURTO EM OUTRO VEICULO NO ANASHOPPING
6E46-OYC,TOYOTA COROLLA GLI BRANCA 15/16 INDIVIDUO VISTO ARMADO NA AV. TIRADENTES
7240-BDJ,JEEP/ COMPASS LIMITED PRETO 19/20 - POSSIVEL CLONE
7277-JDV,GM/CORSA WIND 96/96 PRATA - INDIVIDUO ARMADO
7348-HKQ,COBALT 12/13 PRETO UTILIZADO 155 DE PNEUS E 157 EM ABADIANIA
7454-JKA (DF),HONDA/FIT BRANCA EX FLEX- 2011/2011 MILHAR 5752 COMETENDO FURTOS NA AREA DO 4° BPM
7495-JJN (DF),HONDA/CG 125 TODAY 94/94 COR PRETA SENDO UTILIZADA PARA PRATICA DE VARIOS 157 (ALEXANDRINA)
7525-NKI (DF),FORD FUSION 08/08 PRATA/6005 - PROVAVEL CLONE RODANDO EM ANAPOLIS
7769-KBS (URUAÇU-GO),FIAT UNO ELETRONIC VERM 94/94 - POSSIVEL CARATER (AVERIGUAR)
7824-JJX,HONDA/CG 150 TITAN KS VERM MILHAR 4090 2004/2004 PROVAVEL MOTO UTILIZADA EM 121
7948-NGN (GYN),VW/POLO 1.6 BEGE 07/08 VEICULO LEVADO DE 171 - VITIMA PM DE GOIANIA
8043-OGX,PLACA DE MOTO FURTADA PODENDO SER UTILIZADA EM ALGUM CARATER
8202-JKE (DF),COROLLA 12/13 PRATA LEVADAS PLACAS DE VEICULO ABANDONADO
8422-DCB,VW/GOLF PRATA 01/02 POSSIVEL AUTOR DE SEQUESTRO
8509-JKN (DF),FIAT SIENA ESSENCE 1.6 PRATA 14/14 MILHAR 3432 - POSSIVEL DOBRA RODANDO NA CIDADE
8700-JHV,HYUNDAI / I30 PRATA 2011 MILHAR 4956 PLACA DF - USADO PARA PRATICA DE 157
8750-DWQ,FIAT/PALIO FIRE CINZA 08/08 - INDIVIDUO ARMADO VISTO NO COPACANA
9181-JKB (DF),VW/GOL 1.0 G IV BRANCA/4379 ANO 12/13 - TOMADO DE 157 NO DF - FOI VISTO EM ANAPOLIS
9183-DCQ,FIAT/PALIO 01/02 VERMELHO 155 CASA IRMAO SGT LUIS CARLOS
9350-PQK,I/TOYOTA HILUX CDSRVA4FD CINZA 18/18 TEVE SUA PLACA FURTADA NO DIA 10/07
9388-QTO,AMAROK V6 BRAN/6245 ANO 19/19 PLACA DE GOIANIA - VEICULO UTILIZADO NA FUGA DO PRESIDIO
9573-NKP,YAMAHA/YBR PRATA 2008 157 POSTO DO ROMEIROS
9748-KES,GM/S10 EXECUTIVE 02/02 COR CINZA TEVE SUA PLACA FURTADA
9816-ORK,SAVEIRO CROSS (ANO14/15) COR LARANJA TEVE SUAS PLACAS FURTADAS NO BAIRRO JUNDIAI
9888-HFU,FIAT / PUNTO ELX 1.4 08/08 PRETA POSSIVELMENTE UTILIZADO EM ROUBOS DE CARGA ANAPOLIS
9925-PAV (MG),FIAT/ARGO DRIVE 1.0 BRANCA 17/18 MILHAR4928 POSSIVEL CLONE EM ANAPOLIS PRATICANDO 157
9992-PRX,HONDA/BIZ 125 VERM. 19/19 - INDIVIDUO PRATICANDO 157
9A27-RBU,FIAT/ARGO DRIVE PRETO 20/21 - POSSIVEL CLONE RODANDO NA CIDADE
9A29-QHZ,TOYOTA HILUX SWSR - BRANCA/0752 - ANO 16/17 - ROUBADA EM URUAÇU - VISTO EM ANAPOLIS
9E15-NLG,PLACA CB 300/ PRETA FURTADA
MOTO SEM PLACA,HONDA/ BROZ COR VERMELHA - DOIS INDIVIDUOS NA PRATICA DE 157
S/PLACA,VW VOYAGE PRATA - Praticaram 157 na regiao da Jaiara (modelo antigo - lanterna traseira direita queimada e roda preta)
S/PLACA,VW VOYAGE PRETO - Dois individuos balearam um outro na fabril (Modelo Novo)
XX16-QVH (PROVAVEIS INICIAIS),FIAT/ PALIO FIRE UTIIZADO PARA PRATICA DE 157 BAIRRO SAO JOAO - INDIVIDUOS ARMADOS (UM DELES RUIVO)
XXXX-XXX,BIZ C100 DE COR PRATA - RODA PRETA - MODELO MAIS ANTIGA - INDIVIDUO NA PRATICA DE ROUBO
XXXX-XXX,GOL BOLA G2 COR BRANCA PRATICOU 157 A MOTORISTA DE APP DE DELIVERY NA REGIAO DA FABRIL
XXXX-XXX,CORSA PRATA SEDAN COM PINTURA QUEIMADA - PRATICOU 157 ARCO VERDE E BALEOU A VITIMA
XXXX-XXX,CORSA HATCH COR PRATA (RODAS DE ALUMINIO - PARACHOQUES PRETO) UTILIZADO PARA A PRATICA DE 157 EM NEROPOLIS
S/PLACA,YAMAHA CRYPTON CINZA - FOI ROUBADA NA JAIARA. NAO POSSUI PLACA. FOI UTILIZADO UM GOL G5 CINZA
S/PLACA,GOL G3 COR BEGE COM CAPA PRETO - PRATICOU 157 C/ ARMA DE FOGO DIA 16/10 R. DINAMARCA BOA VISTA
S/PLACA,PEUGEOT 206/SELECTION VERM. 02/02 FOI UTILIZADO PARA PRATICA DE 157 NO JK
S/PLACA,HILUX BRANCA COM INDIVIDUOS DE SP/ COMETER HOMICIDIO CONTRA AGENTE SEGURANÇA PUBLICA
S/PLACA,ONIX PRATA-02 INDIVIDUOS 157 RESIDENCIAL DO TRABALHADOR
S/PLACA,Escorte europeu 4 portas cor vinho amassado na frente - furto de baterias em Neropolis
S/PLACA,Novo Fiesta Branco - placa Mercosul - 157 Pizzaria na avenida JK
S/PLACA,MOTO PRETA - Paralama branco 157 no posto ALE av. Brasil
6J33-OBV,TOYOTA/COROLLA PRATA 12/13 - VEICULO LEVADO DE 171
2374-NLS,HONDA CB300R AMARELA 09/10 - LEVADA DE APROPRIACAO IND. - SENDO UTILIZADA PARA FURTO DE OUTROS VEICULOS
1161-PQE,HONDA/CIVIC BRANCA ANO 15/16 - POSSIVELMENTE DOBRA PRATICANDO 155 EM VEICULO
9742-KDR,VW GOL ANO 99 VERMELHO POSSIVELMENTE ARMADO
9B39-PZM,RENAULT/SANDERO BRANCA 17/18 - APROPRIACAO INDEBITA
4341-HOV,GM/CORSA BRANCA 96/96 - VEICULO PARTICIPOU DA FUGA DO AUTOR DE HOMICIDIO JD ITALIA
4474-KEA,FORD/COURIER 1.6L BRANCA/0559 ANO 00/00 (ART.155 DATA:28/03)
8679-NWC,VW GOL G5 PRATA 11/12 ENVOLVIDO NO HOMICIDIO PRATICADO NO JD ITALIA
6G31-KEW,VW/GOLF PRATA 2003 - VEICULO CONDUZIDO POR UM FORAGIDO
2607-PWR,YAMAHA FAZER 150 PRETA 15/15 - INDIVIDUO PRATICOU 157
3405-JHK,FORD ECOSPORT PRATA 06/07 - PARACHOQUE PRETO - POSSIVELMENTE PORTANDO ARMA LONGA / VISTO NA JAIARA
XX44-XXX,HONDA XRE 300 VERMELHA PLACA MERCOSUL - ABORDAR E FAZER CONTATO COM CPE20
5146-KCU,VW/GOL 1000 VERM. ANO 96/96 - FAZENDO ENTREGAS DE DROGAS NA CIDADE
2037-DQW,HONDA ACCORD CINZA ANO 06/06 LEVADO APROPRIACAO INDEVITA
2747-KLQ,HONDA/BIZ 125 ES 07/08 AMRL TEVE SUA PLACA FURTADA
4432-MWL,CHEVROLET/S-10 ADVANTAGE 11/11 PRATA - LEVADA DE ESTELIONATO
8854-PQG,HONDA/BIZ 125 ES 15/15 PRATA - LEVADA DE ESTELIONATO
1538-HSU,HONDA/CG 125 FAN PRETA/8404 ANO 07/07 (ART.155 DATA:03/08)
4H86-RGD,GM/ONIX PLUZ LTZ COR PRATA ANO 20/21 - LEVADO DE APROPRIACAO INDEBITA
7C67-RMJ,GM ONIX PLUS LTZ COR CINZA ANO 21/21 LEVADO DE 171 DA LOCADORA LOCALIZA
4929-ONE,GM PRISMA COR AZUL 14/15 LEVADO DE APROPRIACAO INDEBITA
0881-PRP,FIAT/TORO COR BRANCA ANO 17/18 ORIZONA-GO ROUBO DE VEICULOS COM RESTRICAO DE LIBERDADE
3E59-JED,GM/CHEVROLET D-20 COR VERMELHA ANO 90/91 ORIZONA-GO ROUBO DE VEICULO COM RESTRICAO DE LIBERDADE
7140-JJW,FIAT/SIENA ATRACTIVE COR PRATA ANO 2012/13 - INDIVIDUO COM MANDADO DE PRISAO
1A36-OGT,KIA CERATO COR BRANCA MODELO 2012 FEZ DISPAROS DE ARMA DE FOGO NO DIA 10/12 - ABORDADO E REALIZADO O FLAGRANTE
0B65-QBK,HONDA/BIZ 125 VERMELHA 17/17 - LEVADA DE APROPRIACAO INDEBITA
7H30-NGI,HONDA CIVIC EXS COR PRETA MODELO 2006 CARATER DE APARECIDA RODANDO EM ANAPOLIS
6665-NFP,YAMAHA/ YBR 125K PRETA MODELO 2007 - VEICULO LEVADO DE APROPRIACAO INDEBITA
6021-OGX (PIRENOPOLIS),HONDA/XRE 300 VERM ANO 12/12 - APROPRIACAO INDEVITA
1324-JFW,GM/CORSA WIND PRATA ANO 01/01 - APROPRIACAO INDEVITA
0507-NJY,HYUNDAI / SANTA FE - PRETA - 08/08 - UTILIZADA PARA TENTATIVA DE FURTO DE VEICULO
XXXX-JHU,PAJERO/TR4 PRATA COM 3 INDIVIDUOS TENTOU PRATICAR 155 DE ESTEPE NA CIDADE DE ANAPOLIS
1379-GHT (SP),TOYOTA/HILUX COR PRETA 17/17 DOBRA RODANDO NA CIDADE
5187-HPE,CG 125 TITAN AZUL ANO 99/99 VEICULO PROVAVELMENTE OBJETO DE ESTELIONATO OU FURTO
1D75-PQJ,VW/ GOL BRANCA 15/16 POSSIVEL DOBRA RODANDO EM ANAPOLIS (ENGATE E EMBLEMA TSI)
4B93-JIZ,HONDA CIVIC LXL PRETA 11/11 PROVAVEL VEICULO ENVOLVIDO EM HOMICIO EM GYN - RODANDO EM ANAPOLIS
3651-OMY,HONDA/CG 150 FAN - VERMELHA - 13/13 POSSIVEL DOBRA
3047-PQG,HONDA/CB300 - BRANCA - 15/15 POSSIVEL DOBRA
8J82-RCU,HONDA/CG 160 START PRETA 20/21 REGISTRO DE FURTO/ROUBO RODANDO NA CIDADE
5B87-RBQ,HYUNDAI HB20 1.0 21/21 COR BRANCA SENDO CONDUZIDO PELO VINICIUS (AUTOR DE DISPAROS) NO JANDAIA
2G20-OGH,VW SAVEIRO CROSS VERMELHA 11/12 - VEICULO DE PROPRIEDADE DO VINICIUS (AUTOR DE DISPAROS) NO JANDAIA
8G86-PWN,TOYOTA HILUX SW4 2015 DE COR PRATA - EFETUOU DISPAROS EM BRIGA DE TRANSITO
7997-QPB,FIAT/ ARGO DRIVE COR BRANCA 2018/2019 AMEACOU UM INDIVIDUO COM ARMA DE FOGO NO BAIRRO ALEXANDRINA
7527-NLO,HONDA/CG 125 FAN KS 2010 - LEVADA DE APROPRIACAO INDEVITA
6890-ONI,NISSAN/ FRONTIER/ PRATA 13/14 - REGISTRO DE FURTO/ROUBO DO ANO DE 2014 DEU OCR EM ANAPOLIS
4229-OVV,CITROEN C3 COR CINZA ANO 2014 LEVADO DE APROPRIACAO INDEBITA
5E97-SHR,ONIX HATCH COR BRANCA ANO 2024 - APROPRIACAO INDEBITA
9B13-OBG,PALIO FIRE DE COR BRANCA 2014/14 - PRATICA DE 155 EM IGREJA
0619-OGO,GM CHEVROLET / S10 LTZ BRANCA 12/13 INDIVIDUO PROVAVELMENTE ARMADO
3033-ONJ,HONDA/CG 150 FAN ESI 2013 COR VERMELHA MOTO UTILIZADA PARA ENTREGA DE DROGAS
6338-NFX,PEUGEOT 206 1.4 PRESENC - PRETA - 05/06 - APROPRIACAO INDEVITA
4213-NGU,FIAT/FIORINO - BRANCA - 07/07 - POSSIVEL DOBRA RODANDO EM ANAPOLIS
1454-JEC,VW GOL 1000 ANO 95/95 COR BRANCA - CONDUTOR ARMADO CONFORME VIDEO
S/PLACA,MOTONETA BRANDY HERO 65 CC - ANO 95 SEM PLACA - Furto Morada Nova
4C38-FVC,HONDA/CG 125 CARGO
9671-JHE,FIAT UNO WAY DE COR BRANCA 2013 CONDUTOR POSSIVELMENTE ARMADO
4J46-OGM,HONDA/CG 150 FAN ESI PRATA/1069 ANO 11/11 (ART.171 DATA:22/05)
3F52-HAX,HONDA / CG 150 TITAN VERM/5591 ANO 11/11 (ART.157 DATA:03/05)
4I55-NWB,FORD FIESTA SEDAN 1.6 FLEX VERM/4437 ANO 10/11 (ART.168 DATA:01/04)
5C14-QCI,VW GOL COR CINZA 20/21 FUGIU DE UMA ABORDAGEM DA PRF E ENTROU NA CIDADE
0F65-ONJ,CHEVROLET COBALT LTZ PRETA/1950 ANO 13/13 (ART.168 DATA:16/06)
0D81-KEH,HONDA / C 100 BIZ ES VERDE/5527 ANO 01/01 (ART.155 DATA:04/06)
1221-NVT,HONDA/CG 150 FAN ESI (ABADIANIA) VERM/0507 ANO 11/11 (ART.155 DATA:15/06)
9963-KEP,HONDA CG 125 TITAN KS (PRATA) TEVE SUA PLACA FURTADA NA DATA 05/07 BAIRRO JADIM DAS AMERICAS
8805-OTQ,HONDA/ CG 125 FAN ES COR PRETA 2014 POSSIVEL DOBRA RODANDO EM ANAPOLIS (PLACA DO PARA)
9406-NGK,YAMAHA FAZER PRETA 07/07 INDIVIDUO POSSIVELMENTE ARMADO
4D06-SGX,CITROEN C3 DE COR BRANCA 23/24 LEVADO DE 168 NO DF - RODANDO REGIAO DO PARQUE BRASILIA
7727-KDO,VW/PARATI 16V BRANCA 98/98 - CARATER RODOU PELA PEDRO LUDOVICO
2281-JGW,VW/GOL 1.0 PRATA 09/09 VEICULO LEVADO POR DIVIDA DE DROGA (LEVADO DE 168)
4H39-RCB,FIAT/MOBI LIKE/ COR CINZA ANO MODELO 2023 LEVADO DE 168 (RAI: 38124581)
6963-PBO,HYUNDAI/HB20 UNIQUE DE COR BRANCA 2019 - ART.168 DO DIA 22/11
2H13-PXO,COROLLA XEI DE COR BRANCA 2016/17 - PRODUTO DE APROPRIACAO INDEVITA
9043-PRZ,HONDA CG TITAN DE COR PRETA 2018/18 - PRODUTO DE APROPRIACAO INDEVITA 27/11
3H41-OGO,RENAULT SANDERO COR PRETA 12/12 VEICULO PRODUTO DE 171
1884-ONJ,HONDA BIZ 100 ES DE COR PRETA 2014/14 - APROPRIACAO INDEVITA DO DIA 18/01 NA JAIARA
1863-NLE,YAMAHA/ FACTOR YBR 125 COR AZUL - PRODUTO DE APROPRIACAO INDEBITA ENTRE USUARIOS DE DROGAS
1F04-SCC,FIAT/MOBI LIKE COR BRANCA ANO 2022/2023 - APROPRIACAO INDEBITA (LOCACAO DE VEICULO NAO DEVOLVIDO)
8B81-SDI,YAMAHA/YBR 125 FACTOR COR PRETA 24/25 - VEICULO COM REGISTRO DE APROPRIACAO INDEBITA
5J96-SCN,HONDA/CB300F TWISTER 23/23 VERMELHA - CONDUTOR PRATICOU HOMICIDIO NO DIA 02/06 E EVADIU
8F29-OMV,HONDA/ BIZ 125 15/15 PRETA VEICULO PRODUTO DE ESTELIONATO RODANDO PELA AV. PEDRO LUDOVICO
8E36-FVP,CHEVROLET/ONIX DE COR PRETA ANO 21/22 CARATER COM FALSA COMUNICACAO DE ROUBO
2B17-JKN,VW GOL/ BRANCO 13/14 - PRODUTO DE APROPRIACAO INDEBITA
5A70-LPI,FORD FOCUS DE COR PRETA ANO MODELO 2008 COM REGISTRO DE APROPRIACAO INDEBITA
6A06-HJL,CHEVROLET AGILE DE COR PRATA AO MODELO 2011 COM REGISTRO DE APROPRIACAO INDEBITA
3G37-SCM,HONDA/CG 160 FAN PRETA ANO MODELO 22/23 CARATER DE GYN RODANDO EM ANAPOLIS
6B42-SCA,YAMAHA/ N MAX 160 BRANCA 21/22 - POSSIVEL DOBRA RODANDO EM ANAPOLIS
3016-NKM,FIAT - SIENA EL - PRATA - 2009/2010 - APROPRIACAO INDEVITA
3C78-NVY,CHEVROLET - S10 - PRATA - 2011 - APROPRIACAO INDEVITA
6A92-FDO,FIAT CRONOS - PRATA - 2023 - ESTELIONATO
5F52-LSY,COROLA - BRANCO - 2017 - ESTELIONATO
6H69-NWN,HONDA CG 125 FAN ES ROXA 11/11 - ART.168 (RAI:45360110)
7F25-ETN,KIA SOUL EX - BRANCO 10/11 - 168 (RAI:45417219)
5B86-OGI,FORD KA FLEX VERMELHO - 11/12 - 168 (RAI:45391652)
1I13-SCO,HYUNDAI/ CRETA LIMITED CARATER DF
6875-KEO,FIAT/ PALIO WEEKEND ELX - PRETO - 01/01 - 168 (RAI:44586396) - ABORDADO 4°BPM
0883-HPM,FIAT UNO MILLE FIRE-2001 VERMELHO - ART.168 (RAI:45206831)
S/PLACA,CHEV/ ONIX 1.0 MT
2A27-SDM,SHINERAY - XY 125 BRANCA 24/24 ART.168 (RAI:45821103)
1G58-GID,HB20 1.0 - PRATA 18/19 - CLONE RODANDO EM ANPS (CLONE COM PLACA ANTIGA E POSSUI ENGATE)
7058-PRE,HONDA/ BIZ 125 LARANJA 17/18 - ART.168 (RAI:46193104)
2598-NGE,YAMAHA/ YBR 125E SPORT PRETA 06/07 - ART.168 (RAI:46313985)
8H13-SCN,FIAT/ARGO DRIVE 1.0 /BRANCA 22/22 (ART 171)
5C90-ONR,CHEVROLET/S10 LT DD2 / BRANCA 13/13 (ART 171)
8266-JER,FIAT/UNO MILLE AZUL 96/96 (FORAGIDO - MARCIO PEREIRA DE PAULA)
3173-JHK,RENAULT/SANDERO VERM 08/08 (VEIC. LEVADO MAS NAO POSSUI REGISTRO DE FURTO)
1D78-SDA,MOTTU/SPORT 110I PRETA 24/25 (ART. 168)
7J76-NKI,HONDA/CG TITAN 150 VERM 09/09 (ART. 168)
6D52-OGK,HONDA/CG 150 FAN PRETA 12/12 (FORAGIDO - ARIOSTON MOTA CARDOSO)
7I24-GIB,MOTTU SPORT 110 23/24 (ART. 168 - APROP. INDEB.)
8C05-PYL,TRITON/SPORT HPE TOP BRANCA 17/17 (ENVOLVIDO NO HOMICIDIO ULT OCR GO 222)
9C73-QGQ,HYUNDAI/ HB20 1.0 COMFORT PRATA 17/17 (POSSIVEL CONDUTOR COM MP)
2847-NGJ,VW/ SAVEIRO 1.6 BRANCA 07/08 (APROPRIACAO INDEVITA RAI 45550625)
1538-KES,HONDA/CG 125 FAN PRETA/8404 (ART.155 DATA:03/08)
