1,MARCA/MODELO,COR/MILHAR,ANO,ART,DATA,RAI RECUPERAÇÃO,DATA,,,,,,,
0007-PDM,TOYOTA/COROLLA XEI,PRATA/ 3439,20/21,155,26/05,20195468,08/07/21,,,,,,,
0023-NFZ,HONDA/C100 BIZ ES,VERM/1671,05/05,155,01/06,15266592,12/06/20,,,,,,,
0028-NKC,FIAT/STRADA ADVENTURE CD,PRATA/2565,10/10,157,03/09,16932059,30/10/20,,,,,,,
0032-KEM,HONDA/ C100 BIZ ,VERM/9279,01/02,155,10/04,25090603,08/06/22,,,,,,,
0044-JIT,HONDA/CG 150 FAN ESI,PRETA/5748,10/10,155,07/12,17413292,08/10/20,,,,,,,
0060-PQI,HONDA / HRV EXL,VERM/0962,19/20,157,10/08,11477290,10/08/19,,,,,,,
0081-PQQ,HONDA BIZ 125,BRANC/4354,16/16,155,10/05,19360856,10/05/21,,,,,,,
0087-ONF,MOTO TRAXX/JL50 Q-8,VERM/3476,13/14,157,19/05,25160534,13/06/22,,,,,,,
0092-JIY,HONDA /CG 125 FAN,PRETA/8176,11/12,157,28/11,24019329,29/03/22,,,,,,,
0127-PRV,HONDA BROS 160,BRANCA/5869,18/19,155,10/07,11405611,04/08/19,,,,,,,
0129-NFY,HONDA C100 BIZ ES,VERME/6200,04/05,155,05/02,18198118,09/02/21,,,,,,,
0131-JIB,FIAT/IDEIA ADVENTURE DUAL,CINZA7180,11//11,155,24/09,12112576,27/09/19,,,,,,,
0137-KCS,HONDA ML 125 ,AZUL/1465,87/88,155,25/12,28082949,04/01/23,,,,,,,
0142-NLD,HONDA/ CG 125 FAN KS,PRETA/8285,09/09,155,29/11,12922091,10/12/19,,,,,,,
0146- ONC,HONDA/ BIZ 125 ES,VERM/1961,13/14,155,16/02,28691891,18/02/23,,,,,,,
0150-NFP,FORD /FIESTA,PRATA/8597,04/05,155,12/1,8919852,12/01/20,,,,,,,
0156-JJW,HONDA/CG150 TITAN MIX ES,VERM/6090,09/09,155,17/12,27946283,26/12/22,,,,,,,
0158-BKD,M.BENZ/L-1123,VERMELHA/0527,78/79,157,6/11,8296108,10/11/19,,,,,,,
0205-KCC,HONDA/CG 125 TODAY,AZUL/6220,93/93,155,21/7,15732038,22/07/20,,,,,,,
0209-JEK,VW/GOL 1.0 ,VERM/1537,04/05,155,17/10,21652166,19/10/21,,,,,,,
0210-JGA,FORD ESCORT GL 1.6,PRATA/1362,01/01,157,15/10,16995828,04/10/20,,,,,,,
0217 -PAJ,FIAT PALIO ATRACT,BRANCA/8474,15/16,157,31/7,11846212,07/09/19,,,,,,,
0251-NFK,VW/GOL 1.0,BRANCA/9601,04/05,155,20/8,20800376,21/08/21,,,,,,,
0263-CHK,HONDA / CG 125 TITAN,AZUL/0342,96/96,155,23/12,27965818,26/12/22,,,,,,,
0263-KEM,VW/GOL 16V PLUS,PRATA/7622,01/02,155,21/10,32509661,22/10/23,,,,,,,
0274-KER,HONDA/C100 BIZ,VERELHA/3439,43498,157,1/4,9901684,09/04/19,,,,,,,
0277-PQC,HYUNDAI HB20S  1.0M CONF,BRANCA/9501,15/15,157,11/8,11521224,13/08/19,,,,,,,
0292-NJP,YAMAHA/T115 CRYPTON ED,VERME/4864,11/11,155,14/1,13911307,19/02/20,,,,,,,
0296-PQZ,HONDA/CG 160 START,PRETA/2205,2016,157,12/12,13084210,13/12/19,,,,,,,
0298-NKO,HONDA BIZ 125 ES,PRETA/ 1870,10/10,155,17/1,13497948,17/01/20,,,,,,,
0300-KDC,FORD ESCORT XR3,VERMELHA/1667,84/85,155,8/10,12268642,09/10/19,,,,,,,
0327-KEX,TOYOTA/COROLLA SEG 1.8 VVT,PRATA/0169,02/03,157,19/7,15709515,20/07/20,,,,,,,
0338-NGA,HONDA/BIZ 125 ES,VERME/0848,44352,155,1/8,20694406,13/08/21,,,,,,,
0346-JGL,VW VW/FOX 1.0 ,PRATA/0827,04/04,168,27/01,34113135,02/02/24,,,,,,,
0347-OVP,VW/VOYAGE 1.6 SELEÇAO,PRATA/7056,14/14,157,10/06,30487116,11/06/23,,,,,,,
0350-NJA,SR/GUERRA AG GR,BRANCA/0693,44050,157,14/10,16773885,17/10/20,,,,,,,
0379-HSK,HONDA/C100 BIZ +,PRATA/3086,03/04,155,25/01,28509137,03/02/23,,,,,,,
0380-KEJ,FIAT/UNO MILLE FIRE,BRANC/0846,44228,155,31/3,18860100,31/03/21,,,,,,,
0382-NGH,HONDA CG 150 TITAN,VERMELH/1789,06/06,155,4/8,15945893,10/08/20,,,,,,,
0384-JHE,GM CLASSIC LIFE,CINZA,44384,157,2/10,21467441,04/10/21,,,,,,,
0399 - KFC,HONDA /C100 BIZ ES,VERM/4780,44258,155,26/11,22280623,26/11/21,,,,,,,
0400-NWB,RENAULT/ SANDERO (INTERLÂNDIA),BRANCA/7389,43748,157,10/5,10315329,11/05/19,,,,,,,
0406-PQZ,HONDA/CG 160 FAN ,VERM/9978,16/16,155,16/6,19904214,17/06/21,,,,,,,
0417-NFK,YAMAHA/YBR 125,VERMELHA/0737,43194,155,29/11,10115932,26/04/19,,,,,,,
0433-NYQ,HONDA/CG 150 TITAM ,PRETA/3448,2011,157,18/6,10828391,19/06/19,,,,,,,
0434-GOT,FIAT/PREMIO SL IE,VERDE/ 9708,92/92,155,23/5,19558900,24/05/21,,,,,,,
0440-JEG,VW/FOX 1.6 GII ,PRATA/1724,12/13,157,1/2,9130733,02/02/19,,,,,,,
0450-OVU,FIAT/STRADA ADVENTURE,VERM/6315,14/14,157,2/10,7878350,02/10/18,,,,,,,
0453-ONF,HONDA/ POP 100,PRETA/4539,12/12,155,17/08,37458598,,,,,,,,
0453-ONQ,HONDA/ BIZ 125 EX,BRANCA/3564,14/14,155,13/7,15630004,13/07/20,,,,,,,
0481-MVZ,FIAT/UNO VIVACE 1.0,PRETA/ 2466,10/11,155,14/10,26927038,14/10/22,,,,,,,
0485-NWI,JTA/SUZUKI EN125 YES,PRATA/7198,44520,155,21/12,22594337,21/12/21,,,,,,,
0496-JUR,FORD/FIESTA SEDAN 1.6,PRETA/5713,45543,155,22/10,38462345,24/10/24,,,,,,,
0510-NIZ,HONDA/BIZ 125,PRETA/5997,44415,155,25/12,22815938,07/01/22,,,,,,,
0539-JTE,HONDA/CG 125 TODAY,AZUL/1696,94/94,155,11/11,22118100,20/11/21,,,,,,,
0540-JGX,VW/PARATI 1.6 SURF,PRETA/1444,08/09,157,09/10,7176086,09/10/2022,,,,,,,
0557-OVM,I/CHERY QQ 1.1,VERM/7949,13/13,155,26/12,22669868,27/12/21,,,,,,,
0558-QLW,CHEVROLET/ONIX 10MT JOYE,BRANC/5532,17/18,157,11/1,13809445,11/02/20,,,,,,,
0567-JGB,VW/GOL 1.0,PRATA/6833,1/1,155,05/10,32275288,06/10/23,,,,,,,
0568-PQK,HONDA/CG 125 FAN KS,PRETA/2756,15/15,155,22/03,29242012,24/03/23,,,,,,,
0592-KBZ,HONDA/ML 125,VERM/2595,84/84,155,6/8,20592989,06/08/21,,,,,,,
0596-JJI,PEUGEOT/ 207HB XLINE,PRATA/3093,43779,157,11/11,13044945,09/12/19,,,,,,,
0619-OOA ,HONDA/ CIVIC LXR,PRATA/5353,14/14,157,19/11,13146430,18/12/19,,,,,,,
0629-JEX,VW/GOL 1.6 MI,VERM/5479,07/07,155,15/06,,16/06/22,,,,,,,
0629-JEX,VW/GOL 1.6 MI,VERM/5479,07/07,155,15/06,,16/06/22,,,,,,,
0648-JJO,HONDA /C 100 BIZ ,VERM/3301,01/01,155,07/08,31393037,09/08/2023,,,,,,,
0675-0GQ,	VW/GOL 1.6,VERMELHA/2168,13/13,157,28/3,9763744,10/05/19,,,,,,,
0675-HRV,SR/NOMA (REBOQUE),BRANC/0992,01/01,155,05/12,27669451,05/12/22,,,,,,,
0691-JFH,FIAT/SIENA ELX,CINZA/2279,02/02,157,18/4,14620283,19/04/20,,,,,,,
0691-JFH,FIAT/SIENA ELX,CINZA/2279,02/02,157,18/4,14620283,19/05/20,,,,,,,
0696-JHZ,FORD/FIESTA SEDAN1.6FLEX,PRETA/8092,43684,157,18/3,9901610,09/04/19,,,,,,,
0712-JKC,VW AMAROK CD 4X4 HIGH,BRANCA/4450,12,155,26/9,12563065,01/11/19,,,,,,,
0713-NFX,HONDA/C100 BIZ ES,VERM/8920,43956,155,17/12,17897796,16/01/21,,,,,,,
0764-PRZ,HYNDAI HB20 1.0M UNIQUE,BRANCA/7548,18/19,157,11/8,11536591,14/08/19,,,,,,,
0796-OGV,FIAT / STRADA ADVENT,VERM/8853,43810,157,27/10,12516110,28/10/19,,,,,,,
0799-KCA,FIAT/UNO ELETRONIC,AZUL/3505,93/94,155,15/10,38326252,28/10/24,,,,,,,
0830 EAE,FIAT/UNO MILLE ECONOMY,AZUL/6602,08/09,155,13/4,14548678,13/04/20,,,,,,,
0831-KCN,GM/CORSA SUPER ,BRANCA/8506,96/96,157,3/1,8850314,03/01/19,,,,,,,
0845-NWI,KASINSKI/SOFT,VERMELHA/1621,11/11,155,09/07,30930677,10/07/23,,,,,,,
0851-ONP,HONDA/CG 150 TITAN EX,PRETA/0315,14/14,155,07/12,27779475,12/12/22,,,,,,,
0852-KCO,GM/CORSA WIND,PRATA/5017,96,155,9/10,LOCALIZADO NO DF,03/01/19,,,,,,,
0857-NFD,YAMAHA/YBR 125E,PRETA/7798,43925,155,18/9,16586977,01/10/20,,,,,,,
0904-OGK,HONDA/CG150 FAN ESI,PRETA/5778,12/12,155,25/05,24892431,26/05/22,,,,,,,
0906-NFR,HONDA/ BIZ 125 ES,AZUL/2049,44717,155,23/2,23502962,24/02/22,,,,,,,
0909-HYC,I/FORD FUSION,PRATA/2725,43988,157,25/2,14004500,26/02/20,,,,,,,
0923-JFO,VW/7.100,BRANCA/0903,95/95,157,11/3,9554644,11/03/19,,,,,,,
0940-OHA,TOYOTA/COROLLA ALTIS,PRATA/3989,12/12,157,24/1,9042521,24/01/19,,,,,,,
0947-PRU,HONDA/ C110 BIZ ,VERM/2216,17/17,157,05/06,25096011,09/06/22,,,,,,,
0958-KEF,HONDA/CIVIC LX,PRATA/1731,00/00,155,1/2,14078453,11/03/19,,,,,,,
0967-NFX,HONDA 150 SPORT,PRETA/1833,06/06,157,13/2,18560792,08/03/21,,,,,,,
0976-KCI ,GM/CORSA WIND,BRANCA/0411,95/95,155,04/12,27966981,26/12/22,,,,,,,
0982-JUL,HONDA/C100 BIZ ES ,PRETA/0141,04/04,155,16/1,18039123,27/01/21,,,,,,,
0982-JUL,HONDA/C100 BIZ ES,PRETA/0141,44290,155,16/11,17897420,19/11/21,,,,,,,
0A24-SDK,HONDA/CG 160 FAN ,VERM/1192,24/24,157,22/06,36877196,20/07/24,,,,,,,
0B21-KCZ,VW/GOL PLUS MI,BRANC/3845,97/97,155,3/7,20162094,05/07/21,,,,,,,
0B35 NFV,HONDA/C100 BIZ ,VERM/3580,05/05,155,26/07,6444394,28/07/22,,,,,,,
0B61-NGU,,PRATA/2049,45480,155,45447,,,,,,,,,
0B94-HEW,FIAT PALIO FIRE FLEX,PRATA,44018,155,18/5,15053340,03/03/20,,,,,,,
0D53-IYB,HYUNDAY/HB 20 1.0 CONFORT,VERME/1907,44447,155,4/5,19373179,11/05/21,,,,,,,
0D84-KBW,VW/GOL ROLLING STONES,BRANCA/8478,95/95,155,10/10,26882029,11/10/22,,,,,,,
0F75-PQF,HONDA CG 150 START ,PRETA/4094,15/15,155,08/12,39192215,08/12/24,,,,,,,
0G89-RCL,TOYOTA/HILUX CDSRXA4FD,PRATA/8469,21/21,155,22/05,MG,23/05/23,,,,,,,
0H30-NVU,TOYOTA HILUX,PRATA/9130,10/11,157,30/10,38554121,30/10/24,,,,,,,
1003-PRO,HONDA/ BIZ 125,BRANCA/2786,19/19,155,07/05,35673757,07/05/24,,,,,,,
1007-NVO,HONDA/CB 300 R,PRETA/7874,11/11,157,1/5,14778082,25/05/20,,,,,,,
1026-KBC,FORD/PAMPA L,AZUL/8390,93/93,155,15/3,23810039,16/03/22,,,,,,,
1059-PQH,HONDA/CG 160 FAN,VERM/0781,16/17,155,11/03,40730030,13;03;25,,,,,,,
1063-NLT,HONDA/CBX 250 TWISTER,VERMELHA/2360,43320,155,18/10,12243336,05/05/20,,,,,,,
1091-NKZ,FORD/ECOSPORT XLT 1.6 FLEX,PRATA/7102,43716,157,17/11,12756599,07/10/19,,,,,,,
1098-NGM,HONDA/CG 125 FAN,VERM/3903,44383,155,23/10,21732737,24/10/21,,,,,,,
1137-OGS,HONDA CG 125 FAN KS,VERM/4600,44541,155,25/9,21545139,11/10/21,,,,,,,
1141-JNZ ,FORD/CARGO1415,BRANCA/1333,98/98,155,17/3,23901753,22/03/22,,,,,,,
1145-NGD,HONDA/CBX 250 TWISTER,PRATA/4028,44353,155,17/3,18719801,20/03/21,,,,,,,
1152-OGV,	HONDA/CG 150 FAN ESI,VERMELHA/5261,43811,157,12/4,10238142,17/11/19,,,,,,,
1164-JJX,HONDA/CG 150 TITAN ESD,PRETA/0771,43590,157,15/4,10047018,06/05/19,,,,,,,
1178-ONN,HONDA/FIT LX CVT,PRATA/4131,14/15,155,18/10,8303684,21/04/19,,,,,,,
1196-KCD,VW/GOL 1000L,BRANCA/5305,95/95,155,21/9,12063902,11/11/18,,,,,,,
1215-OMX,YAMAHA FACTOR YBR 125,VERM/9275,44907,155,25/1,23121609,30/01/22,,,,,,,
1219-FAS,VW/25.420 CTC 6X2,BRANCA\8233,14/14,157,25/10,8119462,23/09/19,,,,,,,
1246-KEO,HONDA/CG TITAN 125 ES,PRATA/4610,02/02,155,11/09,32739766,06/11/23,,,,,,,
1273-NLD,SHINERAY XY 110V,AZUL/3213,07/07,155,24/2,20104634,01/07/21,,,,,,,
1287-ONT,YAMAHA/150 FAZER ED,PRETA/0553,13/14,155,26/12,17685406,26/10/18,,,,,,,
1316-NWF, HONDA/CG 150 FAN ESI ,PRETA/1465,43780,155,11/3,LOCALIZADA NO DF,30/12/20,,,,,,,
1324-JEF,VW/GOL 1000I,VERME/7286,95/95,155,18/05,30153873,20/05/23,,,,,,,
1326-HCI,FIAT/PALIO FIRE,PRATA/9547,43224,157,17/10,8202075,21/05/19,,,,,,,
1334-JVM,HONDA / CG 150 TITAN ES,PRETA/6829,43685,155,13/11,12912517,01/11/18,,,,,,,
1336-NFR,CITROEN/C3 GLX 1.4,PRETA/3124,43987,155,25/3,14348909,25/11/19,,,,,,,
1342-NLR,YAMAHA/ FACTOR YBR 125,PRATA/4146,08/09,157,28/9,12128484,25/03/20,,,,,,,
1362-NLG,DAFRA/SPEED 150,VERM/4693,44082,155,24/8,16848745,24/10/20,,,,,,,
1366-JZB,GM/CORSA WIND ,AZUL/8724,00/00,155,21/07,25798631,28/07/22,,,,,,,
1397-KEF,HONDA/ C100 BIZ,PRETA/8255,00/00,155,31/03,29420787,04/04/23,,,,,,,
1403-OGO,HONDA/CG 150 FAN,PRETA/6414,12/12,155,13/10,22171752,23/11/21,,,,,,,
1404-PQR,BIZ C/100 ES ,VERM/2421,15/15,155,7/9,21052910,08/09/21,,,,,,,
1405-PRO,HONDA/BIZ 125,LARANJA/4148,18/18,155,6/11,17011449,18/10/21,,,,,,,
1417-JQB,M.BENZ/L 1620,BRANCA/1532,02/02,155,13/4,14574673,15/04/20,,,,,,,
1434-JKG,MMC/PAJERO,VERDE/3180,12/13,155,8/12,8933270,15/04/20,,,,,,,
1438-PRQ,	HONDA/BIZ 125,PRATA/8460,18/19,157,20/3,9671505,13/01/19,,,,,,,
1442-GPF,FIAT/UNO ELETRONIC,BRANC/4742,93/93,155,01/10,38116204,02/10/24,,,,,,,
1444-NJX,HONDA / CG 125 FAN ,VERM/,09/09,155,15/01,28244893,16/01/23,,,,,,,
1449-PRB,HONDA/CG 160 TITAN,PRATA/7101,19/19,157,03/04,41066977,03/04/25,,,,,,,
1472-BPE,VW/KOMBI,BRANCA/0142,92/92,155,07/10,32335879,10/10/23,,,,,,,
1492-KFC,HONDA/CG 125 TITAN KS,VERME/3024,03/03,155,05/12,22762218,04/01/22,,,,,,,
1522-NFH,FIAT/STRADA ADV,PRATA/8428,04/04,157,28/1,13684631,01/02/20,,,,,,,
1562-NFG,FIAT/UNO MILLE FIRE,PRETA/2693,04/04,157,13/2,18442633,27/02/21,,,,,,,
1583-NFH,HONDA/BIZ C100 ES,VERM/8162,04/04,155,7/12,22390931,08/12/21,,,,,,,
1596-HSM,HONDA/CBX TWISTER 250 ,PRATA/1824,05/05,155,17/10,22719087,31/12/21,,,,,,,
1597-NGQ,GM/CLASSIC LIFE,BEGE/5293,07/08,155,23/4,19180521,23/04/21,,,,,,,
1625-NFD,YAMAHA/YBR 125 ED,PRETA/1623,04/04,155,1/11,32699316,03/11/23,,,,,,,
1628-NLI,JTA/SUZUKI INTRUDER 125,PRETA/4598,44843,155,24/2,23565093,01/03/22,,,,,,,
1653-AKT,FIAT/PALIO FIRE ,BRANCA/9886,44258,155,17/4,19067756,17/04/21,,,,,,,
1664-KCH,HONDA / ML 125,VERM/8402,44320,155,26/2,19365863,10/05/21,,,,,,,
1668-JFR,HONDA/ CG 125 TITAN ES,VERDE/1039,99/00,155,6/7,15553240,01/02/20,,,,,,,
1674-NGH,HONDA/BIZ 125 KS,PRATA/9655,06/06,155,31/1,18231317,11/10/21,,,,,,,
1674-OMM,CITROEN/ C3 EXCLUSIV,VERM/0314,13/14,157,22/9,12063759,07/07/20,,,,,,,
1709-KCN,VW/GOL CL ,CINZA/9217,88/89,155,5/2,18306475,23/09/19,,,,,,,
1738-KDK,VW GOL MI,BRANC/1425,98/99,155,24/2,18432295,26/02/21,,,,,,,
1742-JJY,HONDA/BIZ 125 ES,PRATA/9069,06/06,155,12/02,34311893,14/02/24,,,,,,,
1758-KCM,VW/ GOL 1000 ,AZUL/6771,95/95,155,2/6,19710450,03/06/21,,,,,,,
1782-NVP,HONDA BIZ/125 ES,VERM/4273,10/10,157,11/4,14785147,16/01/00,,,,,,,
1784-NWF,HONDA/CG 150 FAN ESI,PRATA/4724,44146,155,2/9,16260049,05/09/20,,,,,,,
1793-NKO,YAMAHA/YBR 125K ,PRATA/7956,08/08,157,8/11,17080048,05/09/20,,,,,,,
1796-PRP,	HYUNDAI/HB20S 1.6M COMF,BRANCA/2835,18/19,157,25/4,10126210,11/11/20,,,,,,,
1820-PQU,TOYOTA HILUX CD,PRATA/5102,18/18,157,31/10,12584156,27/04/19,,,,,,,
1857-QTQ,HONDA/CG 160 TITAN,VERM/7626,19/20,157,07/07,25519526,,,,,,,,
1880-NWN,NISSAN/SENTRA (ABADIANIA),PRETA/0251,43779,157,4/5,10358328,02/11/19,,,,,,,
1887-NFT,YAMAHA/YBR 125K,PRETA/6229,05/06,155,02/07,30928288,09/07/23,,,,,,,
1889-NKH,HONDA CG 125 FAN,PRETA/4421,07/08,155,13/2,34317788,15/02/24,,,,,,,
1895-JJO,HONDA/ CG 125 TITAN KS,PRATA/4700,00/00,155,16/2,34457503,23/02/24,,,,,,,
1896-HML,GM/ PRISMA 1.4 LT,PRETA/4396,11/12,157,07/08,31395640,10/08/23,,,,,,,
1913-KDV,GM CORSA WIND ,VERM/7550,98/99,155,18/08,37376627,19/08/24,,,,,,,
1920-NFK,HONDA/CG 125 TITAN ,VERM/1796,44654,155,3/3,23884639,21/03/22,,,,,,,
1922-KBC,HONDACG125 TODAY,AZUL/5650,91/92,155,2/5,10187000,15/04/19,,,,,,,
1935-NFF,HONDA/C100 BIZ,AZUL/3501,04/04,155,8/6,15338997,02/05/19,,,,,,,
1961-JJY,HONDA/CG 150 TITAN ES,PRETA/5560,05/05,155,19/06,30707381,25/06/23,,,,,,,
1986-NGF,GM MONTANA CONQUEST,BRANC/7266,07/08,155,15/01,33946287,22/01/24,,,,,,,
1988-GZD,FIAT/ FIORINO,CINZA/0982,00/01,155,23/6,15397603,24/06/20,,,,,,,
1A17-RBQ,HONDA/CG 160 FAN ,PRATA/6630,20/21,155,29/12,17681695,30/12/20,,,,,,,
1A25-NJQ,HONDA/ CG 150 FAN ,VERM/1584,10/10,155,15/11,27400739,16/11/22,,,,,,,
1A97-PAT (CORUMBÁ),HONDA CG160 FAN,VERM/1388,16/17,155,12/01,33794864,13/01/24,,,,,,,
1C26-QXR,RENAUT/LOGAN,BRANCA/5535,20/21,157,24/11,38954376,24/11/24,,,,,,,
1C37-QKJ,VW/NOVO GOL TL MBV,PRATA/9219,17/18,157,6/3,18545482,07/03/21,,,,,,,
1C75-KFB,HONDA/CG125 TITAN,VERM/5800,03/03,155,02/11,38621757,03/11/24,,,,,,,
1C87-NKN,HONDA/ CG 150 TITAN MIX,VERM/3531,09/10,155,28/11,33348578,15/12/23,,,,,,,
1D76-RBZ,YAMAHA N MAX 160,PRETA/6045,21/22,155,24/04,41478711,28/04/25,,,,,,,
1D89-JIQ,FORD/ECOSPORT,PRETA/7904,11/12,155,20/04,24435111,26/04/22,,,,,,,
1E10-MXA,GMC/3500HD ,PRET/4638,00/01,155,,38894961,20/11/24,,,,,,,
1E76-PWU,HYUNDAI/HB20S 1.6A COMF,PRETA/9380,15/15,155,14/01,28252964,16/01/23,,,,,,,
1E92-SCY,HONDA/BIZ 110,VERM/1511,23/23,157,08/02,40174100,,,,,,,,
1F23-PAR,HONDA CG 160 FAN,PRETA/2834,16/16,155,14/05,35789438,14/05/24,,,,,,,
1F41-KEV,YAMAHA/CRYPTON T105E,VERDE/0531,44622,155,21/2,2348799,23/02/22,,,,,,,
1G71-KJS,HONDA CIVIC,PRATA\3271,07\07,,,36449688,25\06\24,,,,,,,
1H77-QAC,I/LAND ROVER DISC SPT,AZUL/3773,15/15,155,8/4,19022212,14/04/21,,,,,,,
1I43-SCJ,YAMAHA/YBR150 FACTOR,PRETA/9947,,,,Recuperada na Bahia,,,,,,,,
1I94-NFS,GM/CELTA 2P SPIRIT,PRATA,05/05,157,6/9,22445439,12/12/21,,,,,,,
2006-KEK,VECTRA GLS,VERDE/8188,99/99,155,29/12,27999840,29/12/22,,,,,,,
2039-NKH,FORD FIESTA SEDAN,PRATA/8354,07/08,168,22/4,14669669,30/12/20,,,,,,,
2074-NKT,HYUNDAI/HR HDB ,BRANCA/8604,08/09,155,28/9,12137988,23/04/20,,,,,,,
2110-PQA,CHEV/PRISMA 1.4AT LT,BRANCA/2011,14/15,157,01/07,25435702,,,,,,,,
2115-JHA,VW/ FOX 1.0,PRATA/7260,06/06,155,14/04,DF,20/04/22,,,,,,,
2125-PQW,HONDA/ CG 160 TITAN,BRANC/5918,16/16,155,27/11,27587095,29/11/22,,,,,,,
2136-NKJ,HONDA / BIZ 125 ES,VERM/5919,44113,155,29/9,,29/09/19,,,,,,,
2141-PQQ,FORD/KA SEL 1.0 HA ,PRATA/1300,16/16,157,21/2,9336516,21/02/19,,,,,,,
2145-NKJ,VW/FOX 1.0 ,CINZA/9642,43716,157,5/1,8861353,21/02/19,,,,,,,
2147-NJX,HONDA/CG 125 FAN ,PRETA/1466,44781,155,31/1,23235077,06/02/22,,,,,,,
2169-JJY,VW GOL 1.0 ,BRANCA/1803,43987,155,10/12,17437999,05/01/19,,,,,,,
2173-NBT,HONDA/C100 BIZ ,AZUL/1378,99/99,155,24/06,30703258,25/06/23,,,,,,,
2181-NGG,HONDA CG 125 FAN,PRETA/3936,06/06,155,09/11,27320903,10/11/22,,,,,,,
2198-NGO,YAMAHA / YBR 125 E ,VERM/8615,7/8,155,06/06,36238534,11/06/24,,,,,,,
2206-PQR,HONDA /CG 160 FAN ESDI,VERM/6632,15/16,157,28/10,38880178,19/11/24,,,,,,,
2228-JJK,HONDA BIZ 125,PRETA/9175,06/06,157,30/05,36136891,04/06/24,,,,,,,
2241-KEY,HONDA BIZ C100 ( Silvania),AZUL/3693,03/03,157,29/07,25818576,30/07/22,,,,,,,
2245-PXK,RENAULT/SANDERO (SP),PRATA/0716,16/16,155,8/7,21470304,06/10/21,,,,,,,
2280-MVQ,GM/CORSAWIND,VERDE/6550,97/98,157,26/9,16552131,28/09/20,,,,,,,
2287-PAI,FORD FIESTA HA SE,PRATA/3258,14/15,157,3/6,19719422,04/06/21,,,,,,,
2292-KBC,VW/PASSAT LSE,AZUL/6276,86/87,155,14/07,25608423,15/07/22,,,,,,,
2311-NKN,HONDA/CG 150 SPORT,VERM/2752,08/08,155,3/10,18095019,01/02/21,,,,,,,
2341-NWQ,HONDA/CG 125 FAN KS,ROXA/1024,11/11,155,28/01,28787174,22/02/23,,,,,,,
2381-JTO,FIAT/PALIO EDX,VERDE/2289,97/97,155,15/8,16022198,01/02/20,,,,,,,
2401-OGM,FIAT SIENA EL FLEX,PRATA/9878,11/12,157,25/2,14009850,16/08/20,,,,,,,
2420-OMW,CHEVROLET CRUZE LT (GYN),BRAN/4380,13/13,157,23/12,13390558,27/02/20,,,,,,,
2449-OVQ,HONDA/CG 150 FAN,VERM/3242,13/14,155,22/02,40852407,21/03/25,,,,,,,
2458-RBK,YAMAHA/YBR 150 FACTOR,BRANCA/5560,19/20,155,29/12,39690146,08/01/25,,,,,,,
2476-KES,HONDA/BIZ C100,VERM/7762,02/02,155,04/12,39237601,11/12/24,,,,,,,
2484-NKY,HONDA/BIZ 125 KS ,CINZA/3089,08/08,155,15/04,24286784,16/04/22,,,,,,,
2493-JFK,VW / GOLF 2.0,AZUL/5048,00/00,157,28/1,158158,08/01/20,,,,,,,
2496-OGR,YAMAHA/FACTOR YBR125 ED,PRETA/8524,11/11,155,23/03,23942549,24/03/22,,,,,,,
2499-NKX,HONDA/CG 150 FAN ESI,PRETA/8514,44876,157,6/2,23709478,09/03/22,,,,,,,
2532-BRC,FIAT/UNO 1.6 MPI,AZUL/0288,94/95,155,31/1,23202140,04/02/22,,,,,,,
2566-KEN,HONDA/BIZ ES,VERME/2438,2002,155,12/12,13081311,02/01/20,,,,,,,
2566-KEN,HONDA/BIZ C 100 ES ,VERM/2438,02/02,155,2/1,13324474,05/08/20,,,,,,,
2574-PQK,CHEVROLET/S10 LT FD4,BRANCA/5044,15/15,155,17/9,11998435,13/12/19,,,,,,,
2598-NSM,VW/VOYAGE 1.0,CINZA/8085,09/10,155,08/04,29515376,10/04/23,,,,,,,
2603-JMI,GM/CORSA SEDAN,PRATA/3068,43498,157,8/3,9533797,19/09/19,,,,,,,
2639-NVZ,HONDA/BIZ 125 ES,PRETA/3867,44146,155,6/11,17040549,10/03/19,,,,,,,
2657-NWD,HONDA/CG 125 CARGO ,BRANC/8676,10/10,155,22/02,34726722,11/03/24,,,,,,,
2673-HDU,HONDA/C100 BIZ,AZUL/5416,05/05,155,09/11,27375104,14/11/22,,,,,,,
2690-OOC,NISSAN/FRONTIER SL 4X4,PRATA/8992,13/14,155,19/10,9427968,28/12/19,,,,,,,
2694-KCB,VW/GOL CLI,VERDE/     ,95/95,155,23/5,19548577,23/05/21,,,,,,,
2718-OGL,FIAT PALIO ATTRACT 1.0,CINZA/8510,12/13,155,28/12,22765788,04/01/22,,,,,,,
2725-OTU,HONDA/NXR150 BROS ES,VERM/8338,14/14,155,19/06,30619851,20/06/23,,,,,,,
2752-HOM,FIAT PALIO ED,CINZA/8018,97/97,157,01/04,24071215,02/04/22,,,,,,,
2763-JHS,FIAT/PALIO ELX,PRATA/7698,09/10,157,4/1,17761899,06/01/21,,,,,,,
2763-OND,HONDA/ CG 125 FAN KS,VERM/3536,13/13,155,02/05,29911780,05/05/23,,,,,,,
2767-NVV,	I/HYUNDAI I30 2.0,PRETA/1068,43779,157,8/3,9518587,05/01/21,,,,,,,
2768-KQC,GM/CORSA WIND ,CINZA/7515,94/95,155,23/6,15391123,23/06/20,,,,,,,
2788-ONW,HONDA/CG 150 TITAN EX,BRANCA/0146,2015,157,7/5,10262652,08/05/19,,,,,,,
2792-KCJ,VW/GOL GLI 1.8,VERM/9551,96/96,155,19/01,39882932,21)01)2025,,,,,,,
2824-GZS,FORD /FUSION,CINZA/8198,06/07,157,07/03,29023487,09/03/23,,,,,,,
2828-JEK,FIAT/ PALIO ELX FLEX,PRATA/3968,43589,157,9/8,114775103,08/05/19,,,,,,,
2839-KEW,HONDA/CG 125 TITAN KSE,PRATA/3933,43526,155,15/4,11650226,10/08/19,,,,,,,
2856-KDL,HONDA/C100 BIZ,AZUL/4054,98/98,155,17/2,18397867,24/02/21,,,,,,,
2867-HRA,GM/CHEVROLET D1O,BRANC/1535,80/80,155,21/2,34520244,,,,,,,,
2874-NFM,HONDA/CG 150 SPORT,PRETA/5872,44321,155,13/4,19040642,14/04/21,,,,,,,
2883-PQW,RENAULT/SANDERO EXPR 16,BRANCA/2308,16/17,157,5/4,13054023,23/08/19,,,,,,,
2892-JIH,I/HYUNDAI I30 2.0 ,PRETA/6199,43779,157,7/3,9661546,10/12/19,,,,,,,
2911-OHA,HONDA/CG 150 TITAN,PRETA/1677,11/12,155,29/1,34202965,07/02/24,,,,,,,
2912-JFF,FIAT/PALIO EX,AZUL/3586,00/00,155,29/12,,,,,,,,,
2913-QTP,HONDA/CG 160 START,CINZA/4823,19/20,157,09/09,31875763,10/09/23,,,,,,,
2914-NFG,HONDA 150 TITAN ESD,PRATA/3846,05/05,155,20/6,16548739,28/09/20,,,,,,,
2916-PQL,FIAT PALIO FIRE WAY,VERM/7834,15/16,157,27/9,12127418,20/03/19,,,,,,,
2935-PQI,TOYOTA HILUXSW4 SRV4X4,PRATA,15,155,6/11,12622542,28/09/19,,,,,,,
2985-NVV,HONDA/BIZ 125 ES ,PRETA/2428,10/10,155,17/08,31761119,02/09/23,,,,,,,
2A57-RCM,HONDA/ CG 160 FAN,VERM/8549,21/22,155,24/12,39613043,03/01/25,,,,,,,
2A93-JIA,VW/SPACE FOX ,PRATA/8271,09/10,155,24/11,38973222,25/11/24,,,,,,,
2A99-PQZ,HONDA/CG 160 START ,PRETA/1751,19/19,155,23/03,34916980,23/03/24,,,,,,,
2B25-HAK,FIAT/PALIO FIRE,CINZA/9650,44257,155,14/3,18635479,24/03/21,,,,,,,
2B41-SCZ,HONDA/CG 160 TITAN,VERM/2291,24/24,155,03/12,39134555,05/12/24,,,,,,,
2B89-NKX,HONDA/CG 150 FAN,VERM/3804,11/11,155,23/10,27176957,31/10/22,,,,,,,
2C01-OGN,GM/  CORSA CLASSIC,PRATA/0409,11/12,155,23/10,27085713,24/10/22,,,,,,,
2C11-NLT,HONDA/CG150 TITAN,VERM/6303,44448,155,31/3,18870521,01/04/21,,,,,,,
2C32-ONU,HONDA/CG 150 FAN ESDI,VERM/1235,14/14,157,31/12,39568832,01/01/25,,,,,,,
2C77-SCJ,SHINERAY SHI 175CC,BRANCA/4609,24/24,155,,38773461,12/11/24,,,,,,,
2D68-AXZ,HB20 S 1.6 PREMIUM,BRANC/7374,14/14,157,26/10,38488541,26/10/24,,,,,,,
2D80-OOB,FIAT/PALIO FIRE ECON,BRANCA/0826,13/13,155,09/10,32332586,10/10/23,,,,,,,
2E09-ROU,HONDA/ POP 110 ,BRANCA/6211,15/16,155,,36100020,02/06/24,,,,,,,
2E63-NKM,HONDA/ CG 150 TITAN KS,CINZA/4818,08/08,155,04/09,37662235,05/09/24,,,,,,,
2F24-NWB ,GM/ CLASSIC LS,PRATA/0945,44510,155,22/9,21496171,08/10/21,,,,,,,
2F87-JHI,FIAT/IDEA ELX,PRATA/0667,07/08,155,04/11,32789493,09/11/23,,,,,,,
2G07-SCC,HONDA/CG 160 FAN ,PRETA/3716,22/23,155,08/10,38283537,13/10/24,,,,,,,
2G32-OND,HONDA /CG 125 FAN ,PRETA\4700,14/14,155,06/04,41113552,06/04/25,,,,,,,
2G61-JGD,HONDA/CG 150 TITAN,VERME/3525,08/08,155,03/04,29429049,06/03/23,,,,,,,
2H86-KEP,HONDA/ C100 BIZ MAIS,AZUL/3314,04/04,155,07/09,37698297,09/09/24,,,,,,,
2I34-RCD,HONDA/BIZ 125 ,CINZA/8961,20/20,155,14/02,34320878,14/02/24,,,,,,,
2I51-GYY,HONDA/XLR 125 ,PRETA/9522,01/01,155,26/05,30312376,30/05/23,,,,,,,
3014-KCX,HONDA/CG 125 TITAN,VERME/7765,96/97,155,22/11,27533166,25/11/22,,,,,,,
3039-JSB,YAMAHA/ FACTOR YBR125K,AZUL/0601,08/09,157,10/09,26473499,12/09/22,,,,,,,
3047-NKX,HONDA/CG 125 FAN ES,VERM/0558,44478,155,15/8,20757004,18/08/21,,,,,,,
3051-NKE,HONDA/CG150 TITAN,PRETA/3504,08/08,155,05/09,,,,,,,,,
3069-KDC,FORD/F4000 ,LARAN/7997,78/78,155,27/6,15486461,01/07/20,,,,,,,
3071- NEQ,FIAT/PALIO ELX,VERDE/6349,99/00,155,30/11,33648971,03/01/24,,,,,,,
3078-NLT,HONDA/CG 150 FAN ESI,PRATA/5370,10/11,155,13/10,12372995,17/10/19,,,,,,,
3084-OOD,HONDA/CG150 FAN ESDI ,PRETA/3270,14/14,155,11/10,167119221,17/10/19,,,,,,,
3090-BOW,FORD/ESCORT 1.0 HOBBY,PRATA/6014,94/94,155,4/3,34633208,05/03/24,,,,,,,
3098-KBN,VW/PARATI CL,VERM/0132,94/94,155,22/07,37086535,02)08,,,,,,,
3137-NGV,HONDA/CG 150 TITAN KS,CINZA/1086,44415,155,17/6,19945751,20/06/21,,,,,,,
3150-OGR,HONDA/BIZ 125 ES,VERM/8535,12/12,155,6/1,17779131,12/10/20,,,,,,,
3182-NLT,VW / FOX 1.0 ( PLACA ABADIÂNIA),CINZA/5160,2009,157,10/7,11148155,07/01/21,,,,,,,
3185-MVO,HONDA/C100 BIZ ES,VERM/1888,98/98,155,10/06,,,,,,,,,
3210-KBE,PARATI GL,BEGE/2822,87/88,155,3/7,15520510,15/07/19,,,,,,,
3223-HSS,YAMAHA/FAZER YS250,PRETA/0024,07/07,155,23/1,13639227,28/01/20,,,,,,,
3296-KDX,HONDA/CG 125 TITAN KS,VERM,00/00,155,14/2,15969879,28/01/20,,,,,,,
3315-JUJ,GM / CELTA 5 PORTAS,PRETA/1732,03/03,155,7/1,13390009,12/08/20,,,,,,,
3336-NWM,YAMAHA/FAZER 250,ROXA/9956,44176,157,29/1,13673362,08/01/20,,,,,,,
3337-JEM,FIAT PALIO ATRACTIVE,CINZA/6667,12/13,157,2/2,9135775,31/01/20,,,,,,,
3359-JKA,HONDA/CG 125 FAN KS,PRETA/2353,12/13,155,6/4,14611870,02/02/19,,,,,,,
3359-JKA,HONDA/CG 125 FAN KS,PRATA/7449,18/19,155,27/3,14611870,18/04/20,,,,,,,
3361-JNQ,FIAT/PALIO EL ,VERM/6592,97/97,155,01/04,41073644,03/04[,,,,,,,
3373-KBR,VW/PARATI S/,BEGE/7177,85/85,155,25/6,15426781,18/04/20,,,,,,,
3391-JFC,TOYOTA/ COROLLA XEI,PRATA/0368,00/00,157,30/11,13300541,26/06/20,,,,,,,
3407-KCB,FORD/CORCEL LUXO,PRATA/7201,85/86,155,11/07,36743201,12\07\24,,,,,,,
3407-KCE, FIAT UNO ELETRONIC,   VERM/2483,   93/93,155,14/11,32874419,15/11/23,,,,,,,
3420-ITC,FIAT/STRADA ,PRETA/2007,44542,157,28/8,20928213,30/08/21,,,,,,,
3443-KDL,HONDA/ CG 125 TITAN ,AZUL/4119,97/98,155,15/04,30186143,22/05/23,,,,,,,
3449-JJX,HONDA/CG 150 TITAN ES,VERM/6172,43955,157,2/9,16761698,31/12/19,,,,,,,
3451-QTO,HONDA/CG 160 FAN,PRETA/8391,19/20,155,18/1,13830234,13/02/20,,,,,,,
3454-PRK,HYUNDAI/CRETA 16A ATTITU,BRANCA/3909,17/18,157,28/10,16915911,13/02/20,,,,,,,
3472-NFG,HONDA/ CG 125 TITAN ,VERDE/2445,03/04,155,19/04,30218099,24/05/23,,,,,,,
3481-KEJ,HONDA/CG 125 TITAN ES,PRATA/5685,44197,155,29/6,20101823,30/06/21,,,,,,,
3481-NKR,SUNDOWN WEB 100,PRATA/1928,07/08,155,07/03,,,,,,,,,
3505-GUH,FIAT/UNO MILLE EP,VERME/9888,96/96,155,3/7,15524701,29/10/20,,,,,,,
3514-NVP,CG 125 FAN KS ,PRETA/1074,44114,155,16/12,17546640,04/07/20,,,,,,,
3524-NWD,HONDA/CG 125 FAN,PRETA/2028,44479,155,16/3,18664738,21/03/21,,,,,,,
3539-JKO,FIAT/PALIO FIRE ECONOMY,BRANCA/0881,13/14,155,,17017808,06/11/20,,,,,,,
3543-KCW,GM / VECTRA GLS,BRANCA/0370,20/20,157,3/3,14681458,24/04/20,,,,,,,
3561-ONU,HONDA / CG 125 FAN ,VERM/4145,13/14,157,15/01,28247636,16/01/23,,,,,,,
3578-CFR,FORD/BELINA II LDO,VERDE/0701,83/83,155,13/10,21572595,15/10/21,,,,,,,
3587-NKK,SUNDOWN/WEB 100,PRATA/1568,08/08,155,27/05,24913096,27/04/22,,,,,,,
3671-NFF,HONDA/CG 125 TITAN KS,VERM/9053,03/04,155,02/06,25082039,05/06/22,,,,,,,
3708-HPO,GM/CELTA 4P,VERM/7843,02/03,155,24/9,16534629,27/09/22,,,,,,,-
3720-AAO,VW/GOL CL,BRANC/1042,90/90,155,17/1,18019713,27/09/20,,,,,,,
3727-KCF,GM/CHEVROLET C10,VERM/477B,75/75,155,18/7,20398101,23/07/21,,,,,,,
3751-PWG,RENAULT/SANDERO EXPR 16,BRANCA/1425,15/16,157,15/7,11167191,26/01/21,,,,,,,
3764-NGJ,HONDA/ BIZ 125 ,PRATA/9770,06/06,155,14/12,13499300,16/07/19,,,,,,,
3766-FDJ,	I/NISSAN VERSA 16SL FLEX,PRATA/6586,12/13,157,22/4,10096182,17/01/20,,,,,,,
3783-KDZ,	I/TOYOTA HILUX SWDMDA4JD,BRANCA/7440,18/19,157,16/4,10000072,24/04/19,,,,,,,
3789-KER,	PEUGEOT/206 SW16 ESCA FX ,PRETA/8353,43652,157,18/4,10022969,22/04/19,,,,,,,
3808-KDR, HONDA/CG 125 FAN,PRETA/3441,43653,157,28/1,9081932,25/04/19,,,,,,,
3809-JIL,HONDA CIVIC LXL,CINZA/6605,11/11,155,11/08,37232585,11/08/24,,,,,,,
3811-ONM,C100 BIZ,VERDE/8932,43498,155,6/8,11435048,29/01/19,,,,,,,
3820-ATV,FIAT/UNO MILLE,BRANCA/1589,11/12,155,21/06,,,,,,,,,
3822-KAY,FIAT/ UNO ELETRONIC,VERDE/2678,94/94,155,29/10,38814182,15/11/24,,,,,,,
3827-JJR,HONDA / CG 125 TITAN,AZUL/4579,44654,155,7/2,23264147,08/02/22,,,,,,,
3847-HFE,DAFRA/APACHE 150,AMARE/0593,10/11,155,17/12,33370483,26/12/23,,,,,,,
3851-ALS,VW/GOL 1.6 CITY,PRATA/8503,44655,157,14/3,23842049,18/03/22,,,,,,,
3851-KCM,CHEVROLET / CELTA 1.0 LT,BRANCA/0157,12/13,157,9/5,10574184,07/08/19,,,,,,,
3870-LCK,VW/GOL SPECIAL,CINZA/4672,98/99,155,25/04,30070698,15/05/23,,,,,,,
3875-NFL,CHEVROLET/COBALT 1.4 LT,PRATA/6346,13/14,157,27/7,15798208,31/05/19,,,,,,,
3878-CSL,VW/PARATI 1.8,CINZA/9607,99/00,155,22/03,29258201,24/03/23,,,,,,,
3879-NFG,HONDA/ C100 BIZ MAIS,AZUL/7394,44258,155,8/1,19350283,09/05/21,,,,,,,
3891-KDW,CHEVROLET/COBALT 1.4 LT,PRATA/8274,43811,157,15/4,9984787,28/07/20,,,,,,,
3895-PRZ,HONDA/CG 160 FAN,PRETA/0758,18/18,155,3/2,23608677,03/03/22,,,,,,,
3922-JGK,CHEVROLET/ONIX AT ACT ,BRANCA/2352,17/17,157,31/3,14421409,20/02/19,,,,,,,
3922-JGK,CHEVROLET/ONIX 10MT JOYE,CINZA/0708,18/18,157,19/2,9313052,24/04/19,,,,,,,
3924-JDT,VW/GOL 1000 I,VERDE/3559,95/95,155,26/05,30325616,31/05/23,,,,,,,
3926-JEN,VW GOL CL,AZUL/9078,87/87,155,05/04,35120512,05/04/24,,,,,,,
3963-NFR,CHEVROLET/S10 LTZ ,BRANCA/9407,14/14,157,17/11,10237329,06/05/19,,,,,,,
3965-GNF,CITROEN/C3 120A EXCLUSIV,BRANCA/8826,14/15,157,11/1,8999688,20/01/19,,,,,,,
3981-HOY,GM/CORSA WIND,PRATA/2171,98/98,155,10/09,31912420,12/09/23,,,,,,,
3A59-RBM,I/TOYOTA  HILUX (CORUMBA),BRANC/1230,21/21,157,12/2,23312180,12/02/22,,,,,,,
3B81-OGK,HONDA/ CG 125 FAN,PRETA/7286,11/12,157,10/08,37587095,01/09/24,,,,,,,
3C25-NJX,HONDA/CG 150 TITAN ES,PRETA/7978,08/08,157,08/08,37186996,29\08\24,,,,,,,
3C49-PHK,TOYOTA ETIOS,VERM/1213,16/17,157,19/06,30623961,20/06/23,,,,,,,
3C75-PWH,FORD FOCUS SE AT 2.0SB,CINZA/0526,15/15,155,13/12,39294252,14/12/24,,,,,,,
3C98-JGR,GM/VECTRA SEDAN ELEGANCE,PRETA/3166,06/06,155,02/12,33140077,02/12/23,,,,,,,
3E08-BUD,VOLVO/NL 12 360 4X2T 98/98 ,BRANCA,98/98,,27/09,32145520,28/09/23,,,,,,,
3F54-NPP,HONDA /BIZ 125,VERM/6880,11/11,155,15/12,33706241,08/01/24,,,,,,,
3G05-RBM,CITROEN/C3 GLX 14 FLEX,PRATA/0462,08/09,157,13/1,13462244,20/01/19,,,,,,,
3H10-ESE,JTA/SUZUKI EN125 YES SE,PRETA/8666,11/11,155,22/12,22997753,21/01/22,,,,,,,
3H64-RBT,R/LIDER CLA 501,VERDE/0285,20/20,155,08/04,24217480,13/04/22,,,,,,,
3J59-RBV,HONDA/BIZ 125,BRANCA/5804,21/22,155,11/08,26036927,15/08/22,,,,,,,
3J66-HYP,HONDA/CG 125 FAN,PRETA/1876,08/08,155,27/08,37528737,28/08/24,,,,,,,
3J74 - RGD,FIAT/UNO ATTRACTIVE 1.0,BRANCA/3997,20/21,155,23/11,22408329,09/12/21,,,,,,,
3J81- NGP,HANDA/ CG 150 TITAN ESD,PRETA/8803,07/07,155,04/05,24571847,04/05/22,,,,,,,
4003-CGN,HONDA/C100 BIZ,PRETA/7923,00/00,155,4/10,20817164,30/10/21,,,,,,,
4019-KCJ,FIAT / PALIO ELX,VERME/8693,99/99,155,22/11,12828107,15/01/20,,,,,,,
4025-NWF,HONDA/CG 125 FAN,PRETA/2032,44876,155,16/1,22948856,17/01/22,,,,,,,
4032-JEG,PARATI CL ,AZUL/5172,89/89,155,19/11,27460440,20/11/22,,,,,,,
4034-JFT,VW/GOL SPECIAL ,BRANC/6539,00/00,155,17/3,18684588,18/03/21,,,,,,,
4034-KEJ,HONDA/C100 BIZ ES,BRANC/1291,16/17,155,9/12,20692152,13/08/21,,,,,,,
4042-KEO,FIAT PALIO EL,BRANCA/9105,96/96,155,16/8,11631081,25/11/19,,,,,,,
4057-KBT,VW/ KOMBI,BEGE/8875,94/95,155,30/10,38594678,01/11/24,,,,,,,
4085-NWO,FIAT/ MOBI LIKE,VERME/4074,18/19,157,9/1,13531227,21/08/19,,,,,,,
4087-HRY,FIAT/ SIENA ATTRACTIV 1.4,BRANCA/1281,2013,157,25/3,14352863,19/01/20,,,,,,,
4087-HRY,GM/S10 DLX 2.8 D,PRATA,03/03,155,09/10,16675355,09/10/20,,,,,,,
4101-NGA,HONDA CBX 250 TWISTER,PRETA/9995,06/06,155,06/09,24640301,09/09/22,,,,,,,
4111-NVP,JTA/SUZUKI EN 125 YES,PRETA/0637,44511,155,26/7,2262778,27/07/21,,,,,,,
4123-KDT,VW/GOL CL 1.6 MI,AZUL/2204,98/98,155,16/12,22516917,17/12/21,,,,,,,
4167-HJP,GM/CELTA 2P LIFE,PRATA/0580,44447,155,4/2,18928873,06/04/21,,,,,,,
4189-GUY,IMP/GM CORSA GL,VERDE/2789,98/99,155,12/11,32895809,17/11/23,,,,,,,
4191-NKI,HONDA/CG 150 TITAN KS,VERM/7041,08/08,155,21/12,28030681,31/12/22,,,,,,,
4193-ONW,TRAXX/JL50 Q2,VERM/ 1707,14/14,157,26/5,19611835,28/05/21,,,,,,,
4196-KEK,VW/GOL SPECIAL,BRANCA/4322,01/01,155,27/04,41479531,28/04/25,,,,,,,
4234-KCN,FIAT/ UNO IE ,VERM/5926,96,155,29/12,13412895,26/03/20,,,,,,,
4247-NFM,HONDA/CG 150 TITAN KS,VERDE/7088,44320,155,7/1,17782744,10/01/20,,,,,,,
4251-KEZ,FIAT/PALIO ELX FLEX ,PRETA/9869,43559,157,18/2,9303893,0701/21,,,,,,,
4330-CPR,VW/GOL MI,BRANCA/7330,99/99,155,13/1,22908266,14/01/22,,,,,,,
4342-NFF,HONDA/CG 125 TITAN,VERM/7797,03/04,155,03/01,33636899,03/01/24,,,,,,,
4362-OGU,FIAT/PALIO FIRE ,PRATA/3186,07/07,157,29/2,14053479,18/02/19,,,,,,,
4373-KPX,FIAT/PALIO FIRE ECONOMY,VERDE/6416,43748,155,30/7,11726545,01/03/20,,,,,,,
4379-KEY,VW/GOL ESPECIAL,VERME/8479,02/03,155,07/09,26395772,,,,,,,,
4398-OMX,FIAT/PALIO FIRE ECONOMY,PRETA/2441,44114,171,27/10,16899552,29/08/19,,,,,,,
4401-JIT,FIAT/PALIO SPORTING 1.6,BRANCA/8627,14/15,157,8/10,12287980,28/10/20,,,,,,,
4401-KDO,VW/SAVEIRO CL 1.6,BRANCA/4829,98/99,155,25/12,27992151,28/12/22,,,,,,,
4402-KBU,FIAT/UNO S,VERDE/7942,90/91,155,21/10,32616104,29/10/23,,,,,,,
4407-NWL,JTA/SUZUKI EN125 YES,PRETA1107,10/11,155,9/5,16250988,10/10/19,,,,,,,
4428-KES,HONDA/CG125 TITAN ES,VERME/4374,44229,155,8/1,17907589,17/01/21,,,,,,,
4447-OMM,FIAT/PALIO WK TREKK 1.6,PRATA/5252,12/13,157,25/1,13641956,29/01/20,,,,,,,
4455-OGO,FIAT/PREMIO CSL,CINZA/9261,87/87,157,8/12,13085201,29/01/20,,,,,,,
4461-OGK,FIAT/PUNTO ATTRACTIVE,PRATA/7174,15/16,157,6/10,12254559,09/12/19,,,,,,,
4473-NFN,HONDA CG 150 TITAN,VERM/3177,05/05,155,27/02,7663394,2203/2025,,,,,,,
4503-HPK,FIAT/SIENA ELX FLEX ,BRANCA/7513,06/06,157,12/2,13837443,07/10/19,,,,,,,
4523-KEW,CBX TWISTER  250 ,PRETA/7413,43863,155,8/12,18719801,20/03/21,,,,,,,
4524-ERW,FIAT/STRADA WORKING,BRANCA/9440,43862,155,11/9,16772971,13/02/20,,,,,,,
4541-KEC,FIAT/UNO ELETRONIC ,AZUL/8447,95/95,155,1/7,15516871,17/10/20,,,,,,,
4581-BMV,FIAT/UNO MILLE EX ,BRANCA/7287,00/00,157,20/6,15384750,22/06/20,,,,,,,
4628-MVS,FIAT/UNO MILLE SMART,VERDE/0001,00/01,155,23/2,13972884,22/06/20,,,,,,,
4651-JYF,FIAT/UNO S,VERM/1196,88,155,8/5,14858285,24/02/20,,,,,,,
4655-OGQ,FORD KA SE 1.0,PRETO,15/15,171,,14959069,09/05/20,,,,,,,
4657-JFY,GM/CORSA WIND,BRANCA/8651,00/01,155,14/06,25363452,27/06/22,,,,,,,
4676-JVB,FORD/ DEL REY BELINA 1.8,CINZA/4517,90/90,155,19/10,12414119,17/05/20,,,,,,,
4676-KEE (Silvania),HONDA/ BIZ 100,VERM/0815,00/00,155,22/08,31583802,30/08/23,,,,,,,
4728-NGJ,RENALT/MEGANE ESD,PRETO/1878,44383,155,23/4,19179962,26/04/21,,,,,,,
4764-JIX,I/HAFEI RUIYI  PICKUP L,BRANCA,10/11,155,31/8,15442028,20/10/19,,,,,,,
4769-PQY,FORD/ ESCORT 1.8 GHIA,PRATA/7555,94/94,155,2/11,12820089,27/06/20,,,,,,,
4790-NGQ,FORD/ F350 P,BRANCA/4327,2015,155,5/12,12984924,22/11/19,,,,,,,
4800-JJQ,FORD/ FIESTA 1.6,PRATA/2710,11/12,157,20/3,14305393,05/12/19,,,,,,,
4813-MVZ,M.BENZ/L1620 ,AZUL/6564,05/05,157,13/10,,,,,,,,,
4827-MZP,FORD/CORCEL LUXO ,VERM/5562,75/75,155,6/7,15566886,20/03/20,,,,,,,
4835-KDQ,HONDA/CG 125 TITAN,VERM/1245,97/98,155,17/3,18748343,23/03/21,,,,,,,
4838-JFY,FIAT/ PALIO ELX ,CINZA/2011,01/01,157,02/10,32250275,05/10/23,,,,,,,
4862-KDA,VW/GOL MI,BRANC/2159,97/98,155,30/01,28449494,30/01/23,,,,,,,
4889-KDT,GM/CORSA MILENIUM ,PRATA/1263,99/00,155,20/03,29181307,20/03/23,,,,,,,
4918-NFO,FORD/F-350 G,BRANCA/8826,43862,155,23/10,16843776,23/10/20,,,,,,,
4931-JKA,HONDA/CG 150 FAN (MOTO TAXI),VERDE/8633,44907,155,10/1,22874536,12/01/22,,,,,,,
4943-KDI,HONDA/CG 125 TODAY,PRETA/1845,91/91,155,20/02,28835568,25/02/23,,,,,,,
4953-PAE,FORD/F350 G ,PRATA/1126,43653,155,14/7,11145150,23/10/20,,,,,,,
4965-MBS,FORD/FIESTA GL CLASS,PRATA/1169,00/00,157,13/1,9403105,15/07/19,,,,,,,
4982 OGW,HONDA/CG 125 FAN,VERM/2186,44542,155,10/9,21130131,11/09/21,,,,,,,
4B24-RCF,YAMAHA/YBR 125I FACTOR ED,VERM/8384,21/22,155,19/1,23040229,24/01/22,,,,,,,
4B37-NJI,HONDA/BIZ 125 ES,VERM/4280,08/08,155,22/01,34018811,27/01/23,,,,,,,
4D40-JIF,HONDA CB 600 HORNET,AZUL/0518,11/11,155,19/02,40678428,10/03/25,,,,,,,
4D56-EUT,FORD/FIESTA FLEX,PRETA/3451,44511,155,12/8,20686276,13/08/21,,,,,,,
4D56-KEH,HONDA/ BIZ C 100,VERM/9587,98/99,155,12/09,31929839,13/09/23,,,,,,,
4E66-QNT,RENAULT/SANDERO/AUTH,PRATA/2178,18/19,157,15/10,,17/10/24,,,,,,,
4E79-NLD,FIAT/SIENA FIRE,PRATA/5952,11/12,155,18/05,30452818,09/06/23,,,,,,,
4E80-GWY,HONDA/CG 125 TITAN ES,PRATA/6492,02/02,155,06/10,,08/10/22,,,,,,,
4E89-PBL,FIAT/ARGO 1.0,VERM/9200,18/18,157,13/05,30098988,16/05/23,,,,,,,
4F01-RCE,CG/160 TITAN,CINZA/1559,21/22,155,24/11,39011293,27/11/24,,,,,,,
4F29-PQV,VW/UP TAKE MCV,VERM/3078,16/17,157,30/12,22751900,03/01/22,,,,,,,
4G57-RBW,HONDA/CG 160 FAN,VERM/9388,20/21,155,28/3,18853421,31/03/21,,,,,,,
4H24-PAV,CHEVROLET/ONIX,BRANCO/9071,16/17,157,6/1,22868586,11/01/22,,,,,,,
4H39-JYT,SUZUKI 125,PRETA/9311,44383,155,25/8,20855589,25/08/21,,,,,,,
4H61-NKT,YAMAHA XTZ 125E,PRETA/9690,8/8,155,11/09,26474404,11/09/22,,,,,,,
4H98,GM CORSA WIND ,BRANCA 5353,101,155,2809,38046669,28-09,,,,,,,
4I23-NPR,TOYOTA/COROLLA XLI,PRATA/8997,10/11,155,08/12,39202437,09/12/24,,,,,,,
4I58-KEF,VW/SAVEIRO SUMMER,BRANCA/2755,00/01,155,14/05,30296921,29/05/23,,,,,,,
4J22-SCW,HONDA /CG 160 TITAN ,VERME/6974,23/23,157,12/12,33386892,15/12/23,,,,,,,
4J59 - PAC,FORD/KA SEL 1.5 SD,BRANCA/9600,14/15,157,6/12,22431643,11/12/21,,,,,,,
4J93-NGS,HONDA/ CG 150 TITAN KS,AZUL/1767,07/07,168,17/09,17/09,37856269,,,,,,,
5011- OGX,HONDA/ POP 100,VERM/8911,11/12,155,03/05,29927115,05/05/23,,,,,,,
5080-OGO,CHEVROLET AGILE LT,PRATA,11/12,157,11/6,11378937,02/08/19,,,,,,,
5131-KET,VW/GOL/SPECIAL,CINZA/3338,44622,155,5/2,23211104,05/02/22,,,,,,,
5135-PQQ,HONDA/CG 160 TITAN EX,VERM/ 4959,15/16,155,19/07,36876788,20/07/24,,,,,,,
5142-ONL,FORD/KA SE 1.0 HA B,BRANCA/4436,17/18,157,5/10,12270134,06/09/19,,,,,,,
5153-BMN,FORD/KA SE1.0,PRATA/1466,16/16,157,5/3,14109819,09/10/19,,,,,,,
5156-NKV,HONDA/CG 150 TITAN MIXESD,PRETA/3012,09/09,155,12/06,25202433,16/06/22,,,,,,,
5260-AFR,GM / CORSA WIND,BRANCA/0712,96/97,155,27/10,12508644,05/03/20,,,,,,,
5284-JJP,HONDA CG 125,VERDE/5557,02/02,155,12/02,5487937,13/02/18,,,,,,,
5285-ONO,HONDA/CG 150 TITAN,PRETA/8693,13/14,155,22/11,22223160,26/11/21,,,,,,,
5301-PQK ,VW/24.280 CRM 6X2,BRANC/7594,15/15,155,11/01,2995987,16/01/23,,,,,,,
5302-NWO,GM COBALT LTZ 1.4,PRATA/1602,13/14,157,9/5,14931579,28/10/19,,,,,,,
5309-KBD,GM/ CELTA 2 P LIFE,VERM/6202,07,157,2/11,12623141,15/05/20,,,,,,,
5329-PRL,HONDA/CG 160 START,PRETA/1663,19/19,155,13/10,27010226,19/10/22,,,,,,,
5337-NKM,GM/ CORSA HATCH,PRETA/2554,43527,157,13/11,LOCALIZADO NO DF,06/11/19,,,,,,,
5350-JKJ,HYUNDAI/HB20S 1.0M,PRATA/1566,13/14,155,13/11,27372796,14/11/22,,,,,,,
5358 -JIS,VW/GOL 1.0,PRETA/2344,11/12,155,20/10,27016879,20/10/22,,,,,,,
5393-JJN,HONDA CG 125 TITAN (PIRENÓPOLIS),VERM/9556,98/98,155,10/04,35246299,12/04/24,,,,,,,
5417-NGW,YAMAHA/YBR 125K ,VERM/6304,44780,155,17/1,23125423,30/01/22,,,,,,,
5417-NGW,YAMAHA/YBR 125K ,VERM/6304,07/08,157,17/1,23125423,30/01/22,,,,,,,
5430-MVW,FIAT / PALIO 1.6,BRANC/2636,99/00,155,09/04,29511018,10/04/23,,,,,,,
5434-HFG,GM/ÁGILE LT,PRATA/2812,43810,157,26/6,11378937,02/08/19,,,,,,,
5435-KEM,HONDA/CG 125 TITAN ES,VERME/5836,44197,155,20/7,20417417,24/07/21,,,,,,,
5471-AJO,VW/ GOL 16V PLUS,VERM/9830,00/01,157,17/2,23449443,20/02/22,,,,,,,
5488-JIV,FORD/KA FLEX ,VERM,11/12,157,5/9,11833860,06/02/19,,,,,,,
5488-JIV,GM/ÁGILE LT,PRATA/2812,43810,157,26/6,11378937,02/08/19,,,,,,,
5511-KEW,GM/CORSA CLASSIC LS,CINZA/5310,13/13,157,16/1,9050222,02/08/19,,,,,,,
5524-NGL,GM/CLASSIC LIFE,PRATA/2123,06/07,155,12/10,32982825,22/11/23,,,,,,,
5556-OMX,TOYOTA/ETIOS HB,VERM/5240,14/14,155,26/11,22218015,26/11/21,,,,,,,
5568-LZC,HONDA CBX 200 STRADA,AZUL/6942,97/97,155,14/4,19103829,20/04/21,,,,,,,
5591-KCG,FIAT/UNO ,BRANC/3205,95/96,155,30/10,27173731,,,,,,,,
5604-PRR,GM/CORSA GL (PICK UP),PRATA/6318,97/97,155,16/4,11778463,25/01/19,,,,,,,
5606-NLM,GM/CORSA SEDAN MAXX,PRATA/4359,43652,157,31/1,9116303,02/09/19,,,,,,,
5617-BGR,GM/D20 CUSTOM S,BRANCA/5017,91/92,155,20/2,23494428,23/02/22,,,,,,,
5650-NLQ,GM/CORSA HATCH MAXX,PRATA/4292,08/09,157,10/3,18596274,11/02/21,,,,,,,
5657-OMW,HONDA/BIZ 125 EX,BRAN/9614,12/13,155,25/11,27527803,25/11/22,,,,,,,
5665-KWP,GM/CORSA SUPER,AZUL/3227,99,155,18/3,14290400,13/02/19,,,,,,,
5680-DWT,VW/GOLF 1.6 SPORTLINE ,PRATA/7360,07/08,155,30/11,39071057,01/12/24,,,,,,,
5715-JHB,GM/CLASSIC LIFE,PRETA/0108,06/06,155,03/04,41084499,04/04/25,,,,,,,
5756-PGG,HONDA / BIZ 125  (PIRENOPOLIS),VERM/9507,12/12,155,28/12,23293108,10/02/22,,,,,,,
5770-KEN,HONDA/CG 125 KS,VERM/3608,44228,155,25/8,20883778,27/08/21,,,,,,,
5784-JGK,GM/CORSA WIND,PRATA/0802,94/94,175,27/6,10916476,19/03/20,,,,,,,
5793-NWJ,GM/KADET SL ,CINZA/1510,93/93,155,3/7,15520962,27/06/19,,,,,,,
5810-NIZ,GM/MONZA SL,AZUL/2971,92/92,155,4/7,16773885,04/07/20,,,,,,,
5812-KEY,HONDA/CBX 250 TWISTER,PRETA/8782,03/03,155,16/09,SEM RAI MAS CONSTA RECUPERADA ,,,,,,,,
5820-JJO,HONDA/C100 BIZ ES,VERDE/5226,00/01,155,15/7,20332416,19/07/21,,,,,,,
5821-NWO,HONDA/CG 150 TITAN,PRETA/1117,11/11,155,13/12,27808626,14/12/22,,,,,,,
5833-GSF,VW/PARATI CL 1.6 M,BRANCA/4787,97/98,157,26/06,30920964,09/07/23,,,,,,,
5845-NFD,HONDA/ CG 150 TITAN ESD,VERM/5328,04/04,155,3/8,20955163,01/09/21,,,,,,,
5851-KET,HONDA /CG 125 TITAN KS,VERM/6411,2/3,155,14/07,31092677,20/07/23,,,,,,,
5856-CFV,HONDA/CG 125 TITAN,VERM/2229,97/98,155,25/04,24443169,26/04/22,,,,,,,
5859-KEY,HONDA CG TITAN,VERDE/0437,2/2,155,30/03,35062930,02/04/24,,,,,,,
5866-NGZ,YAMAHA/YBR 125 ,PRATA 1563,44384,155,21/9,21261585,22/09/21,,,,,,,
5870-PRC,GM/S10 2.4 S,BRANCA/8932,43831,157,15/3,14273198,17/10/20,,,,,,,
5879-NJW,YAMAHA/ FACTOR YBR 125,PRETA/3352,08/09,155,10/07,36738663,12\07\24,,,,,,,
5883-JGK,TOYOTA/COROLLA XEI,PRETA/1684,44353,157,13/11,22024866,16/11/21,,,,,,,
5887-NFR,HONDA/CG 125 FAN,VERM,05,157,22/1,9021070,22/01/19,,,,,,,
5891-OOE,VW/FOX 1.6 GII,BRANC/7000,13/14,157,19/2,18350922,20/02/21,,,,,,,
5895-PQG,HONDA/CG 150 FAN,VERM/6976,15/15,157,13/04,35407965,22/04/24,,,,,,,
5899-PQA,HONDA/CG FAN 160 ESDI,PRETA,16/17,157,28/3,15535688,09/10/20,,,,,,,
5910-NBJ,FIAT / UNO ELETRONIC,BRANCA/9272,94/94,155,5/3,23693811,08/03/02,,,,,,,
5912-JKP,HONDA CITY LX,BRANC/4096,14/14,155,30/08,37602415,02\09\24,,,,,,,
5929-JHE,GM/VECTRA SEDAN ELEGANCE,PRATA/49170,10/11,171,23/12,13248445,05/07/20,,,,,,,
5961-KEH,VW/KOMBI,BRANCA/1272,01/02,155,05/12,393441993,07/12/24,,,,,,,
5972-PQE ,HONDA / BIZ 125 ES,PRETA/3724,11/12,155,24/11,12926078,26/12/19,,,,,,,
5980-OMP,HYUNDAI/HB S 1.0 M,PRATA/8953,13/14,155,15/06,25202864,16/06/22,,,,,,,
5989-QNT,HONDA / BIZ C100,VERME/4591,00/00,155,3/3,14075510,30/11/19,,,,,,,
5992-NKB,HONDA/CG 150 TITAN ,CINZA/1333,08/08,155,30/03,29744960,24/04/23,,,,,,,
5B29-PRI,TOYOTA HILLUX,BRANCA/9047,18/18,157155,15/9,21194386,17/09/21,,,,,,,
5B79-KEW,GM/CORSA HATCH COR PRETA ANO 2002/2003 VEICULO COM REGISTRO DE APROPRIAÇÃO INDEBITA,,,,,40209679,11/02/25,,,,,,,
5B80-IEJ ,VOLVO/NL10 340,BRANC/9895,95/95,155,05/12,27669451,05/12/22,,,,,,,
5C36-JHB,FIAT/UNO MILLE FIRE,AZUL/0298,06/06,155,31/03,41111129,06/04/25,,,,,,,
5F66-NLQ,HONDA/CG 150 FAN ESI,VERM/2766,09/10,155,13/10,27005477,19/10/22,,,,,,,
5G87-KEZ,HONDA/CG 125 KS,PRATA/1921,02/03,155,28/10,38519943,28/10/24,,,,,,,
5H41-OAP,HONDA/CG 150 TITAN EX,BRANCA/2079,14/14,155,20/10,27065741,23/10/22,,,,,,,
5J54-JFI,GM/CORSA WIND,PRATA/9149,98/98,155,7/11,21964205,09/11/21,,,,,,,
6018-NGX,JTA/SUZUKI  125 YES,AZUL,07/08,155,18/11,27466996,20/11/22,,,,,,,
6038-KED,HONDA / CG 150 TITAN KS,VERM/7012,43684,155,7/5,10840768,03/03/20,,,,,,,
6066-NKO,HONDA/ CG 150 TITAN,VERM/8399,09/09,157,8/11,27476948,21/11/22,,,,,,,
6075-KEX,HONDA / TWISTER,VERDE/1241,43527,155,8/2,11676473,20/06/19,,,,,,,
6076-NGS,HONDA/CIVIC LXS FLEX,PRATA/3416,17/18,157,6/5,18917143,05/04/21,,,,,,,
6086-KDM,HONDA/CBX 200 STRADA,VERM,98,155,30/5,17981791,23/01/21,,,,,,,
6092-NKC,HONDA BIZ 125,BRANCA/2563,17/18,157,20/10,12444820,25/08/19,,,,,,,
6113-JHY,HONDA BIZ C 100,AZUL/1696,43466,155,29/8,11741985,21/10/19,,,,,,,
6113-JIN,FIAT SIENA EL FLEX ,CINZA/7722,10/11,155,27/03,29307866,28/03/23,,,,,,,
6119-CHF,VW/GOL MI ,PRATA/8173,97/97,155,17/7,20334364,19/07/21,,,,,,,
6122-NKL,VW/GOL 1.0 ,PRETA/3864,44416,157,25/10,22003449,12/11/21,,,,,,,
6132-OMQ,HONDA BIZ C100,VERM/3157,43466,155,14/5,11218480,30/08/19,,,,,,,
6145-KCN,VW/GOL 1000,PRATA/3060,95/96,155,11/06,36347022,18/06/24,,,,,,,
6169-OLN,HONDA BROS 150CC,LARANJA/8089,43779,155,15/7,11389773,20/07/19,,,,,,,
6176-KCH,HONDA C 100 BIZ ES,VERDE/9087,2000,155,3/8,11401748,03/08/19,,,,,,,
6189-RAN (ALTO ARAGUAIA/MT),HONDA/NXR160 BROS,PRETA/6875,19/20,155,10/09,31889887,11/09/23,,,,,,,
6200-PRQ,TOYOTA/HILUX,PRATA/3506,17/17,155,16/04,29658762,19/04/23,,,,,,,
6216-NWA,FIAT UNO VIVACE 1.0,AMARELA/9072,10/11,157,09/12,39216754,09/12/24,,,,,,,
6221-KDS,VW/GOL PLUS MI,BRANCA/5879,96/97,155,06/12,39173542,07/12/24,,,,,,,
6224-JKH,HONDA C/100 BIZ,AZUL/4712,04/05,155,25/9,12361514,04/08/19,,,,,,,
6230-GJM,HONDA/NXR 160 BROS ,PRETA/8083,16/16,155,13/3,18647855,18/03/21,,,,,,,
6255-GZZ,HONDA C100 BIZ,VERM/6665,99,155,17/6,12349127,16/10/19,,,,,,,
6287-NKM,HONDA/BIZ 125 ES,VERM,09/09,157,17/5,15162282,15/10/19,,,,,,,
6289-KAY,VW/GOL CL,AZUL/4092,91/92,155,5/7,20381744,22/07/21,,,,,,,
6345-NWI,HONDA C100 BIZ,VERM/6578,2003,155,6/1,13381169,03/06/20,,,,,,,
6368-OGY,HONDA C100 BIZ ,AZUL/3327,02/02,155,20/2,13933610,07/01/20,,,,,,,
6412-KAU,HONDA/CG 125 FAN KS,PRETA/5557,09/10,155,17/02,40353827,19/02/25,,,,,,,
6430-GPP,HONDA C100 BIZ ES,VERME/0769,04/04,155,14/1,13469123,21/02/20,,,,,,,
6435-NGE,HONDA C 100 BIZ 125 KS,VERMELHA/9007,44353,155,8/1,18079292,14/01/20,,,,,,,
6439-NGT,HONDA/BIZ 125 ES,PRETA,07/08,157,11/06,25129511,11/06/22,,,,,,,
6466-ONI,HONDA/CG 150 FAN,PRETA/0552,13/14,155,08/08,37191800,08/08/24,,,,,,,
6470-NVV,HYUNDAI/ TUCSON GLSB,PRATA/2862,10/11,155,22/03,40882671,23/03/25,,,,,,,
6473-KDC,GM/CORSA WIND,PRETA/9395,97/97,155,2/12,33132035,02/12/23,,,,,,,
6533-PRG,HONDA CG 125 FAN,VERMELHA/5000,2005,155,4/5,10237329,30/01/21,,,,,,,
6541-JGJ,HONDA CG 125 FAN,VERMELHA/7481,43652,155,6/5,10249069,06/05/19,,,,,,,
6572-OGN,HONDA/CB 300R,AZUL/5291,12/12,155,15/08,26498044,14/09/22,,,,,,,
6608-NJX,HONDA CG 125 FAN KS,VERME/6110,14/15,157,25/5,15052467,07/05/19,,,,,,,
6609-NFE,HONDA CG 125 TITAN ES,AMAREL/2550,02/03,155,8/3,14174751,25/05/20,,,,,,,
6610/OMI,FORD/ECOSPORT FSL,PRATA/1815,12/13,157,13/1,22901184,14/01/22,,,,,,,
6622-LWM,HONDA CG 125 TITAN KS,VERMELHA/2619,43780,157,17/4,10081522,10/03/20,,,,,,,
6636-BNF,GM/MONZA SL,VERM/2083,93/93,155,30/12,33631104,03/01/24,,,,,,,
6640-OMP,VW/ FOX 1.6 GII,PRATA/7417,12/13,155,09/06,25682616,20/07/22,,,,,,,
6660- JHB,CHEVROLET CLASSIC,BEGE 4657,44113,155,30/10,17326621,23/04/19,,,,,,,
6666-OMS,HONDA CG 125 TITAN KS,AZUL/7032,00/00,155,15/4,12085938,01/11/20,,,,,,,
6672-NFU,HONDA/CBX 250 TWISTER,PRATA/2894,05/05,155,30/01,40024277,30/01/25,,,,,,,
6674-KBH,GM/CHEVETTE SL,PRATA/3800,81/81,157,29/03,40982801,29/03/25,,,,,,,
6680-NWK,HONDA CG 150 TITAN,VERME/9735,09/09,157,25/5,15101923,25/09/19,,,,,,,
6684-NFH,HONDA/C100 BIZ MAIS,PRATA/7690,04/04,155,5/4,19047220,15/04/21,,,,,,,
6692-KEQ,HONDA/ CG 125 CARGO,BRANCA/4783,02/02,155,21/09,38011271,25\09,,,,,,,
6729-NWK,HONDA XRE 300,BRANCA/9269,2014,155,25/3,14349723,29/05/20,,,,,,,
6751-AAY,HONDA/ C100 BIZ,AZUL/5400,43466,155,12/7,11320147,25/03/20,,,,,,,
6755-NZL,HONDA/ CG 125 TITAN,VERME/1836,99/00,155,22/11,7670493,25/07/19,,,,,,,
6778-NGO,HONDA/ CG 125 TITAN,VERM/0690,97/97,155,7/6,15692502,19/07/20,,,,,,,
6783-KBX,VW GOL 1000L,BRANCA/8194,95/95,155,6/9,21038308,06/09/21,,,,,,,
6785-PRV,HONDA/CG 160 FAN,VERM/0022,18/18,155,18/12,17550046,19/12/20,,,,,,,
6788-QBE,HONDA/ CG 150 FAN ESDI,PRETA/6584,14,155,13/10,12318739,19/12/20,,,,,,,
6801-KEH,HONDA/ CG 150 FAN ESI,VERM/5660,11/11,155,23/5,16772971,17/10/20,,,,,,,
6806-PQV,HONDA/ TITAN 150 ES ,PRETA/5481,43684,157,29/4,9358455,22/09/19,,,,,,,
6821-NVP,HONDA/CG 125 FAN ES,LARANJA/7969,10/10,155,19/07,23120265,30/01/22,,,,,,,
6824-JET,HONDA/BIZ 110,VERM/0851,17/18,157,28/3,14475839,03/05/19,,,,,,,
6824-JET,VW / GOL MI,AZUL/3335,97/97,155,12/11,22057836,16/11/21,,,,,,,
6827-NLN,HONDA/CG 125 FAN,AZUL/1481,09/10,155,23/04,29739316,24/04/23,,,,,,,
6845- NFT,HONDA/CG 150 TITAN ESD,VERM/4647,05/05,155,16/08,37375136,19/08/24,,,,,,,
6871-KEB            ,HONDA/ C100 BIZ ,VERM/8304,00/01,155,04/09,26349965,04/09/22,,,,,,,
6875-ONA,RENAULT/ LOGAN EXP,PRATA/ 2829,12/13,155,27/07,36997527,1082024,,,,,,,
6899-KBJ,HONDA/BIZ 125 ES,VERM/1225,11/12,155,13/1,13710017,05/04/20,,,,,,,
6900-LWE,HONDA/C100 BIZ,VERDE/6200,00/01,155,04/03,34897961,22/03/24,,,,,,,
6907-PRU,HONDA/BIZ 125 ES/,VERMELHA/5060,43653,157,25/2,9387343,14/01/20,,,,,,,
6937-PRC,HONDA/BIZ 125 KS,ROSA/9452,43748,157,12/1,9928891,25/02/19,,,,,,,
6975-PQC,HONDA/BIZ C100 ES,AZUL/8892,01/02,155,9/2,14179298,11/04/19,,,,,,,
6A20-SSH,YAMAHA/YBR 150 FACTOR,AZUL/8252,24/24,157,18/03,41207883,11/04/25,,,,,,,
6A40-RFN,VW GOL 1.0 L  G7,PRETA/4576,20/21,157,16/1,22952449,18/01/22,,,,,,,
6A54-QCK,HONDA/C-100 BIZ ES,VERDE/9979,00/00,155,12/1,9046297,11/03/20,,,,,,,
6A58-PBA,FIAT / STRADA ,PRATA/2829,17/17,157,19/01,33882567,19/01/24,,,,,,,
6B16-ADW,VW JETTA 2.0,AZUL/5532,13/13,155,03/04,35094190,04/04/24,,,,,,,
6B37-QBL,HONDA CB 300R,PRETA/1519,14/14,155,22/10,32532553,23/10/23,,,,,,,
6B56-OGN,HONDA/ CG 150 FAN ESI,VERM/9728,11/12,155,31/12,39585057,02/01/25,,,,,,,
6C49-QVC,HONDA/ CG 160 TITAN,AZUL/3237,19/20,155,16/12,39340020,17/12/24,,,,,,,
6C83-JIU,GM/VECTRA GT-X,PRETA/2730,11/11,157,15/11,38868742,18/11/24,,,,,,,
6D72-PQE,RENAUT SANDERO,VERM/0115,15/16,157,20/02,40765565,16/03/25,,,,,,,
6F04-NEP,FORD/ FIESTA FLEX,AZUL/3628,11/12,157,17/11,27429740,18/11/22,,,,,,,
6F44-RCB,HONDA/NXR 160 BROS,VERM/0494,2020,157,14/12,22521502,17/12/21,,,,,,,
6F95-RBU,YAMAHA/ FZ25 FAZER,AZU/5405,20/21,155,07/09,31856904,09/09/23,,,,,,,
6G16-RBO,HYUNDAI/ HB20 SENSE,BRANCA/2007,20/21,155,31/08,31797523,05/09/23,,,,,,,
6G35-RBS,HONDA BIZ 125,PRATA/3441,20/20,155,6/12,17415972,18/01/19,,,,,,,
6G39-QUH,CHEVROLET/ONIX,BRANCA/6219,19/19,155,31/12,33616222,03/01/24,,,,,,,
6I45-AKC,GM/CORSA MILENIUM,PRATA/6147,02/02,155,23/10,27105458,26/10/22,,,,,,,
6I93-SCB,HONDA/ PCX 150 DLX ABS,PRATA/7457,22/22,155,11/06,36355573,18/06/24,,,,,,,
7035-KDN,VW/GOL 16V PLUS,VERDE/,98/98,155,18/05,30132066,18/05/23,,,,,,,
7036-KDA,HONDA/C100 BIZ,VERM/5445,00,155,16/12,13139142,07/12/20,,,,,,,
7058- JVR,HONDA/CG 125 FAN,CINZA/6259,07/08,157,16/02,28732268,,,,,,,,
7071-DLT,HONDA/C100 BIZ ES,VERM/7471,43527,155,27/8,11884174,17/12/19,,,,,,,
7096-KEG,VW/GOL 16 V PLUS,BEGE/6849,01/01,155,09/10,38302412,14/10/24,,,,,,,
7108-MNP,HONDA CBX 250 TWISTER,PRATA/2216,05/05,155,01/01,,,,,,,,,
7108-MNP,HONDA/CBX 250 TWISTER,PRATA/2216,5/5,155,01/01,28056282,02/01/23,,,,,,,
7124-NGL,FIAT/SIENA FIRE FLEX,VERM/1309,06/07,155,22/1,33958651,23/01/24,,,,,,,
7199-PAO,HONDA/CB 300R,VERMELHA/0019,43382,157,13/10,8276059,10/09/19,,,,,,,
7208-FKJ,HONDA/CBX200 STRADA,VERM/0755,94/94,155,16/8,11568299,08/11/19,,,,,,,
7211-OGW,YAMAHA/YS150 FAZER SED,PRETA,18/19,157,28/3,14387073,20/08/19,,,,,,,
7213-QBE,HONDA/CG 125 FAN,VERMELHA/6117,43590,157,22/1,9021070,29/03/20,,,,,,,
7221-KDJ,HONDA/ CBX ESTRADA 200,ROXA,97/98,155,23/11,15510662,22/01/19,,,,,,,
7226-PRV,HONDA/CG 125 FAN KS ,PRETA/2649,43811,157,6/1,8887208,03/07/20,,,,,,,
7236-NFL,HONDA/C100 BIZ ES,VERM/7585,04/05,155,06/10,26829242,07/10/22,,,,,,,
7288-ANA,HONDA/CG 125 TITAN,VERM/0436,00/01,155,23/7,15826901,08/01/19,,,,,,,
7327-JES,GM/ CORSA WIND,BRANC/8410,97/97,155,4/11,D.F,--,,,,,,,
7359-ONL,HONDA/CG 125 TITAN,VERM / 0844,94/95,155,16/11,17224489,31/07/20,,,,,,,
7372-KCA,HONDA/CG 125 TITAN KS,VERM/8396,43863,155,14/11,17133803,17/11/20,,,,,,,
7386-NKB,GM/CORSA SEDAN PREMIUN,PRATA/8482,08/09,155,14/04,41266113,15/04/25,,,,,,,
7399-HGU,HONDA/CG 125 TITAN KS,VERDE/3860,03/04,155,25/4,14697927,16/11/20,,,,,,,
7425-KEG,HONDA CG 125 TITAN ,PRATA/ 3261,00/00,155,03/08,37112278,03/08/24,,,,,,,
7427-OGK,HONDA/CG 150 TITAN ESD,PRETA/6635,11/12,155,13/06,30528065,14/06/23,,,,,,,
7474-NVT,HONDA/BIZ 125 ES,VERM/1900,44511,155,17/3,18687051,18/03/21,,,,,,,
7492-BOI,HONDA/CG 150 FAN ESI,VERME/4226,11/11,155,3/2,13716661,05/05/20,,,,,,,
7493-KBB,FIAT/UNO ELETRONIC,VERDE/7192,94/94,157,05/04,24149341,07/04/22,,,,,,,
7532-JIG,HONDA/CG 150 FAN ESI,PRATA/4784,10/11,157,16/9,16405314,04/02/20,,,,,,,
7540-CVM,HONDA/CG 150 SPORT,VERM/6243,06,157,8/5,14863802,17/09/20,,,,,,,
7542-JKA,HONDA/CG 150 SPORT,VERME/3885,07/08,157,4/7,15692502,09/05/20,,,,,,,
7549-KCZ,HONDA/NX ,VERM/4557,89/89,155,27/02,34602335,03/03/24,,,,,,,
7588-KCD,FIAT/PREMIO,BRANCA/9933,14/15,155,19/7,14832992,07/05/20,,,,,,,
7608-NFM,HONDA/C100 BIZ ES,VERME/8040,44290,155,24/1,18023246,19/07/20,,,,,,,
7619-NFD,HONDA/CG 150 TITAN ES,PRETA/6330,06/07,155,5/2,13739808,26/01/21,,,,,,,
7627-OGP,HONDA/CG 150 TITAN ESD,VERME/7371,8,155,22/11,12828061,06/02/20,,,,,,,
7630-PQG,VW/ NOVO GOL TL,BRANCA/4065,18/18,155,23/07,36939426,24/07/24,,,,,,,
7645-OQK,HONDA/CG 150 TITAN EX,VERMELHA/5571,14/15,157,17/3,9642900,22/11/19,,,,,,,
7653-NFI,HONDA/ C 100 BIZ ES,VERM/2490,44290,155,23/12,22665060,27/12/21,,,,,,,
7688-KEI,HONDA/CG 150 TITAN KS,VERDE/0406,43589,155,8/9,11884449,19/03/19,,,,,,,
7699-JKL,I/SUZUKI G.VITARA,PRETA/1008,13/13,155,28/3,18900681,04/04/21,,,,,,,
7710-HJW,HONDA/CG 150 TITAN KS,PRETA/8284,43320,155,9/10,8029144,09/09/19,,,,,,,
7751-KDE,VW GOL MI,VERM/3254,97/98,155,30/09,32207175,02/10/23,,,,,,,
7793-KDC,VW/ GOL CL 1.6 MI,BRANC/1948,97/97,155,06/04,41380760,09/04/25,,,,,,,
7795-JJB,HONDA/CG 160 FAN,VERM,20/20,157,17/9,16411151,17/10/18,,,,,,,
7798-BKW,VW/GOL,BRANCA/3709,92/93,155,18/08,XXXXXX,XXX,,,,,,,
7803-NFQ,HONDA/CG 150 TITAN,PRETA/9650,44321,157,24/6,20355952,20/07/21,,,,,,,
7815-JGE,HONDA/CG 160 START ,VERM/0792,16/16,155,19/8,12698020,17/09/20,,,,,,,
7818-JEN,GM/CORSA SUPER (Abadiânia),AZUL/9704,96/96,155,16/03,35646773,06/05/24,,,,,,,
7818-NLU,HONDA/CG150 FAN ESDI,PRETA/0930,12/13,157,24/3,14342938,19/11/19,,,,,,,
7823-KDU,VW/GOL SPECIAL,BRANCA/8278,98/99,155,21/09,RECUPERADO NO DF,24/09/23,,,,,,,
7839-GLE,HONDA/CIVIC LXS FLEX,DOURADA/1321,08/08,157,12/12,13653497,24/03/20,,,,,,,
7847-JKH,HONDA/CG 150 TITAN,PRATA/1772,05/06,155,04/02,28550449,06/02/23,,,,,,,
7847-NWA,HONDA/NX-4 FALCON,PRETA/2205,05/05,155,14/3,14252000,29/01/20,,,,,,,
7848-HRG,GM CORSA MILENIUM,,02/02,155,23/08,,,,,,,,,
7848-NGW,HONDA/NXR150 BROS,PRETA/3585,14/14,157,9/1,13417197,16/03/20,,,,,,,
7867-KEP,HONDA/C 100 BIZ ES ,AZUL/0190,2/2,155,28/09,32265349,05/10/23,,,,,,,
7902-NGY,HONDA BIZ 125 KS,VERM/0670,44384,155,13/3,18672756,17/03/21,,,,,,,
7955-PRU,HONDA/NXR150 BROS (GOIANESIA),PRETA/1251,2009,157,5/5,10526743,10/01/20,,,,,,,
7963-KEJ,VW/GOL 16V PLUS,CINZA,01/01,157,6/11,13048486,10/12/19,,,,,,,
7979-JZB,VW/ SANTANA,AZUL/8162,96/96,155,23/9,24459834,27/04/22,,,,,,,
7982-LBT,HYUNDAI/ HR HDB,BRANCA/7430,08/09,157,15/12,13120931,09/06/19,,,,,,,
7985-ONB,HYUNDAI/HB20 1.0M CONFORT,VERMELHA/1962,15/15,157,15/1,8948833,16/12/19,,,,,,,
7989- PRV,HONDA/CG 160 FAN ,VERM/6199,19/19,155,08/10,32556646,08/10/23,,,,,,,
7994-NLI,HYUNDAI/HB20S 1.0M COMF ,PRETA/4410,13/14,157,19/2,9493913,15/01/19,,,,,,,
7996-KCZ,I/TRAXX JL 110,VERM/0263,07/08,155,1/10,16663239,06/03/19,,,,,,,
7A14-JUX,HONDA/CG150 TITAN KS,VERM/6506,44718,155,5/3,23795598,11/03/22,,,,,,,
7A14-OKH,VW/NOVO GOL ,BRANCA/4133,14/14,157,24/04,24423621,25/04/22,,,,,,,
7A61-REJ,HONDA/CG 160 FAN,PRETA/8059,20/21,155,29/10,32630530,30/10/23,,,,,,,
7B72-SCT,RENAULT/ KWID ZEN ,PRATA/2626,22/23,155,02/10,SEM RAI ,,,,,,,,
7C00-ERC,FORD/KA,VERM/6850,10/11,155,23/12,39459309,24/12/24,,,,,,,
7C41-JJV,HONDA/CG 150 FAN ESI,PRETA/9409,10/10,155,11/01,39742201,12I01\25,,,,,,,
7D47-GYV,FIAT/PALIO EX,CINZA/9786,00/00,155,01/24,39108773,03\12\24,,,,,,,
7F01-ONA,YAMAHA/ FAZER YS250,PRETA/2313,12/13,155,17/06,25256539,17/06/22,,,,,,,
7F24-RCC,KIA/ SOUL EX 1.6 FF AT,PRETA/5770,11/11,157,15/11,13448939,08/10/20,,,,,,,
7F35-CIN,VW PARATI CL 1.6 MI,BRANCA/9372,97/97,155,26/03,40950493,27/03/25,,,,,,,
7F37-EIA,VW/FOX EXTREME,PRATA/3662,08/09,155,16/03,4070825,17/03/25,,,,,,,
7F78-NGR,HONDA/CG 150 TITAN ESD,VERM/8359,07/08,155,25/04,24441790,26/04/22,,,,,,,
7G02-NXN,VW/ SAVEIRO 1.6 CROSS,BRANC/0697,12/12,157,25/03,35458136,25/04/24,,,,,,,
7G04-HAN,FIAT/STRADA ADV,AZUL/6254,04/04,157,28/10,27212691,03/11/22,,,,,,,
7H10-PAE,RENALT / SANDERO EXPR 1.0,PRETA/0929,15/15,157,20/4,19208992,04/09/07,,,,,,,
7J43-NGM,HONDA CG 125 FAN,PRETA/6599,07/07,155,09/11,27315924,10/11/22,,,,,,,
7J66-RBP,HONDA/CG 125 FAN,VERM/7218,18/18,155,31/05,30365280,03/06/23,,,,,,,
8008-CQA,KIA/CERATTO SX3,PRATA/1391,12/13,157,18/9,12005170,13/01/20,,,,,,,
8014-PQQ,MERCEDES BENZ LK 1519,AMARE,81,155,21/2,14104340,19/09/19,,,,,,,
8021-NFD(GOIANÁPOLIS),HONDA/CG 125 TITAN ES,AZUL/4510,03/04,155,27/12,33550425,28/12/23,,,,,,,
8044-NKB,NISSAN/VERSA ,CINZA/5242,15/16,155,28/9,12168436,05/03/20,,,,,,,
8129-NKD,HONDA/CG 150 TITAN ES,VERME/5059,07/08,155,20/06,30634246,20/06/23,,,,,,,
8134-KCW,HONDA/CG 125 TITAN,VERM/6497,96/97,155,03/07,25442356,03/07/22,,,,,,,
8165-JFG,ONIX JOY,CINZA/2817,19/20,157,3/3,14089718,01/10/19,,,,,,,
8186-JFT,FIAT PALIO EX ,AZUL/7995,99/00,155,02/04,24086593,02/04/22,,,,,,,
8190-JEW,FIAT/PALIO ED,VERME/1243,96/97,155,03/11,22859043,11/01/22,,,,,,,
8201-OMU,HONDA/CG 125 FAN,VERM/6554,13/13,155,16/3,18719801,20/03/21,,,,,,,
8202-NLJ,PEUGEOT 207HB XR,BRANCA/9172,10/11,157,30/1,14168653,04/03/20,,,,,,,
8233-KAW,PEUGEOT/207HB XR,PRETA/4511,12/13,157,7/10,16659654,10/03/20,,,,,,,
8259-KCA,IMP/VW GOL CL 1.8,BRANCA/3460,94/95,155,12/11,22043606,15/11/21,,,,,,,
8259-KCA,VW GOL CL  ,BRANC/3460,94/95,155,17/07,,,,,,,,,
8282-ONP,YAMAHA/NEO AT 115,CINZA/4325,43590,157,6/1,8867905,07/10/20,,,,,,,
8284-JHE,RENALT/SCENIC,PRATA/5970,09/10,155,5/11,12627533,06/01/19,,,,,,,
8289-NGZ,HONDA/CG 125 FAN,PRETA/0426,07/08,155,01/06,30370584,03/06/23,,,,,,,
8292-JEF,VW/GOL CLI,BRANCA/3887,96/96,155,12/7,20260828,13/07/21,,,,,,,
8292-NLE,HONDA/CG 125 FAN ES,PRETA/0790,09/09,155,19/09,26845934,08/10/22,,,,,,,
8306-KFA,RENAULT/DUSTER 16D 4X2,PRATA/3299,13/14,157,16/8,117471607,07/11/19,,,,,,,
8319-NKR,VW/GOL,PRETA,O9/10,155,3/5,19272424,03/05/21,,,,,,,
8324-NGC,GM-BLAZER ADV,AZUL,06/06,155,23/3,20213039,09/07/21,,,,,,,
8342-NKP,RENAULT/KWID ZEN 10MT ,VERMELHA/6344,18/19,157,25/2,9787828,30/08/19,,,,,,,
8351-JYA,VW/PARATI GL 1.8,PRETA/6182,93/94,155,7/12,17463126,12/12/20,,,,,,,
8351-PRF,HONDA/BIZ 110I,VERM,17/18,157,28/3,14475839,06/04/20,,,,,,,
8374-NGK,YAMAHA/YBR 125E,PRETA/7198,44353,155,19/3,18721685,20/03/21,,,,,,,
8375-JJO,SAVEIRO CROS 1.6,VERMELHA/9773,2011,157,5/5,10298376,08/01/20,,,,,,,
8375-OGT,HONDA/CG150 TITAN EX,VERM/2378,12/12,155,31/12,28054405,01/01/23,,,,,,,
8389-KBQ,FIAT/UNO MILLE ELETRONIC,VERDE/7311,94/94,155,18/04,29678401,21/04/23,,,,,,,
8391-KCR,VW/ GOL MI,CINZA/6511,97/97,155,18/05,36149829,05/06/24,,,,,,,
8400-NWB,TOYOTA / HILUX CD4X4 SRV,PRATA,10/10,157,2/10,14733883,29/04/20,,,,,,,
8402-DKP,CITROEN/ C3 ,CINZA/3346,04/04,155,22/03,40872941,2203/2025,,,,,,,
8421-NJY,HONDA/CBX 250 TWISTER,AMRL/1335,44415,155,14/12,22507500,16/12/21,,,,,,,
8425-NGE,HONDA /CG 150 TITAN,VERM/2371,44353,155,29/12,22732450,01/01/22,,,,,,,
8463-KCP,FORD/PAMPA 1.8 L,PRETA/0890,96/96,155,10/08,261737773,23/08/22,,,,,,,
8562-OMW,HONDA/BIZ 125 EX,VERM/5980,13/13,155,22/12,39770604,14/01/25,,,,,,,
8577-OHA,VW/SAVEIRO CROSS,PRATA/2274,44906,155,13/1,22886473,13/01/22,,,,,,,
8615-ONR,HONDA CG 15 TITAN,BRANC/6162,13/14,157,25/12,33494139,25/12/23,,,,,,,
8634-KEN,HONDA / TITAN 125 KS,VERM/9431,2/2,155,25/12,39515188,27/12/24,,,,,,,
8643-NGJ,HONDA/CG 150 TITAN ESD,VERM/2323,44353,157,22/11,22159791,23/11/21,,,,,,,
8644-NKW,HONDA/CG 150 TITAN ESD,PRETA/9791,08/08,155,19/06,30628699,20/06/23,,,,,,,
8653-NGK,SCANIA/P 420 B8X4,BRANCA/2932,43747,157,22/2,9408743,10/05/19,,,,,,,
8670-NFM,SHINERAY XY 150GY,PRETA/7566,12/13,155,29/6,15465864,27/02/19,,,,,,,
8682-NGZ,SR/FACCHINI SRF LOED,CINZA/8225,15/15,157,25/10,8119462,30/06/20,,,,,,,
8696-NKC,HONDA/CG 125 FAN,AZUL/1078,44258,155,23/4,20315274,17/07/21,,,,,,,
8696-ONE ,SR/FACCHINI SRF PS,AMARELA/7859,12/13,157,27/11,8499319,25/10/18,,,,,,,
8716-ECW,HONDA/CG 15 TITAN KS,PRETA/5025,44416,155,3/12,22385021,08/12/21,,,,,,,
8746-NGQ,HONDA/ CG 150 TITAN ,PRETA/2082,07/08,155,03/04,29918667,05/05/23,,,,,,,
8773-NFC,FORD ECOSPORT XLT,Azul/9446,04/04,155,30/09,38105791,30/09/24,,,,,,,
8773-PRJ,CHEVROLET/ONIX,BRANCA/2483,17/18,155,01/01,33628457,03/01/24,,,,,,,
8776-JHE,FORD/ECOSPORT,PRATA/2497,06/07,155,20/05,24807541,22/05/22,,,,,,,
8776-NVP,SR/GUERRA AG GR,BRANCA/0692,07/08,157,14/10,16758722,29/11/18,,,,,,,
8784-JKK,SUZUKI/JTA INTRUDER 250 ,MARROM/9142,43466,155,4/6,10634931,14/10/20,,,,,,,
8804-KEJ,REBOQUE,PRATA/6267,01/01,155,23/03,23919116,29/03/22,,,,,,,
8821-JEC,VW/SAVEIRO CL,VERM/5663,95/96,155,08/05,24708189,14/05/22,,,,,,,
8835-OGH,TOYOTA / HILUX SWSRVA2HF,BRANCA/1331,18/19,157,3/1,8849441,04/06/19,,,,,,,
8879-KBC,TOYOTA HILUX STD 4X4,BRANCA/9085,13,157,13/9,12461742,04/01/19,,,,,,,
8900-OGR,TOYOTA/HILUX CD4X4 SRV,BRANCA/2589,14/14,157,14/10,10199660,24/10/19,,,,,,,
8906-CBN,FORD/ESCORT 1.6 GL,CINZA/8641,95/95,155,16/05,25209073,17/06/22,,,,,,,
8911-OMP,TOYOTA/HILUX SRV,PRETA/9097,44019,157,26/10,17156434,03/05/19,,,,,,,
8919-NKD,SUNDOWN/MAX 125 SE,PRETA/4896,44050,155,16/12,17984633,23/01/21,,,,,,,
8925-JJL,FORD/FIESTA 1.6 FLEX,PRATA,11/12,157,21/3,14305393,22/03/20,,,,,,,
8930-FZJ,VW GOLF,PRATA/3568,43862,155,19/10,16823029,10/12/19,,,,,,,
8939-OHA,VW/ NOVO VOYAGE TL MBV,BRANCA/6843,17/17,155,23/7,16267127,21/10/20,,,,,,,
8941- NFZ,HONDA/CG 125 FAN ,PRETA/2700,06/06,155,07/04,24152489,07/04/22,,,,,,,
8948-QUZ,VW/ POLO SEDAN 1.6,PRETA/9488,06/07,157,18/3,14286891,05/09/20,,,,,,,
8953-JKN,HONDA/CB 300R,AMARE/7473,13/13,155,28/5,19650538,30/05/21,,,,,,,
8A04-ONT,FIAT / FIORINO ,BRANCA/2703,,155,29/11,33826622,15/01/24,,,,,,,
8B03-RBW,VW/UP XTREME ,BRANC/ 9791,19/20,155,23/5,19553814,23/05/21,,,,,,,
8B46-RBN,VW/POLO MF ,BRANCA/3237,20/21,157,12/11,17040549,19/03/20,,,,,,,
8B63-REM,TOYOTA/CCROSS XRX H.,PRETA/1060,21/22,155,22/12,DESACORDO COMERCIAL ,22/12/21,,,,,,,
8B94-OMW,FIAT/ UNO SPORTING,PRETA/6605,13/13,157,19/3,18697409,19/03/21,,,,,,,
8B95-NRT,HONDA/CG 150 FAN ESDI,PRETA/0807,12/12,157,21/08,37487434,26/08/24,,,,,,,
8C41-NFP,HONDA/CG 150 TITAN ES,VERME/3002,05 / 05,157,05/07,25488380,06/07/22,,,,,,,
8C47-NLL NERÓPOLIS,HONDA/CG 125 FAN KS,PRETA/1242,10/10,155,17/03,29192137,,,,,,,,
8C96-PQJ,HONDA/ BIZ 125 EX,VERM/1740,15/15,155,31/12,,01/01/25,,,,,,,
8E43-OGU,HONDA/150 FAN,VERM/5262,12/12,155,03/12,28160914,10/01/23,,,,,,,
8E71-JKA,YAMAHA/FAZER YS 250,VERME/5226,12/13,155,12/09,24493658,13/09/22,,,,,,,
8E97-QUA,HYUNDAI HB 20,PRATA/2956,19/19,157,14/5,19477781,18/05/21,,,,,,,
8F04-OOP(FLORIANOPOLIS),FIAT/SIENA ATTRACTIV ,PRATA/9433,15/15,157,22/11,33017230,25/11/23,,,,,,,
8F09-OZX,CHEVROLET/S10 LTZ FD2,PRETA/6193,14/14,157,03/07,,03/07/22,,,,,,,
8F48-NFF,HONDA/C100 BIZ,VERM/3291,3/4,155,08/12,27779069,12/12/22,,,,,,,
8G32-HSM,HONDA/C100 BIZ ES,PRETA/2281,05/05,155,06/09,26399810,07/09,,,,,,,
8G70-NFM,HONDA/C100 BIZ ,AZUL/4712,04/05,155,21/11,32975939,22/11/23,,,,,,,
8G74-ESC,HONDA/CG150 FAN ESDI,PRATA/6861,11/11,155,11/11,38882453,19/11/24,,,,,,,
8G79-KAH,HONDA /CG 125 FAN,PRETA/8893,45449,168,18/05,35875708,20/05/24,,,,,,,
8G95-OAT,HONDA/CG 125 FAN KS,VERME/5608,11/11,155,08/04,29496538,10/04/23,,,,,,,
8H73-NKH,FIAT/PALIO FIRE FLEX,PTATA/3688,08/08,157,10/05,30023840,11/05/23,,,,,,,
8H77-HIG,GM/S10 COLINA S,PRATA/3436,09/10,157,04/01,,,,,,,,,
8I05-KDQ (NEROPOLIS),VW GOL 16V ,AZUL/8141,98/98,155,10/04,29528983,11/04/23,,,,,,,
8J82-PAQ,VW/UP TAKE MA,BRANC/0314,16/16,157,2/2,23170269,02/02/22,,,,,,,
9010-KEA,HONDA/C100 BIZ ES,VERDE,00/00,155,3/8,11401748,04/08/19,,,,,,,
9022-NLD,VW/FOX 1.6 GII,BRANCA/7415,11/12,157,23/1,11273059,19/10/19,,,,,,,
9023-MWG,YAMAHA/ 125K ,PRETA/3137,07/07,155,18/06,36367465,19/06/24,,,,,,,
9051-KCY,HONDA/CG 125 TITAN,VERME/5601,97/97,155,16/02,NAO ENCONTRADO,17/02/25,,,,,,,
9065-JGI,FIAT/PALIO EX ,PRATA/3385,03/ 03,155,03/07,25480958,05/07/22,,,,,,,
9087-PRJ,HONDA/CG 160 TITAN,VERM/8779,18/19,155,31/03,24115315,05/04/22,,,,,,,
9100-HEY,AUDI/A3 1.8T,PRATA,44321,155,11/3,15159920,25/07/19,,,,,,,
9101-ONU,HONDA/150 FAN ESDI,VERME/1376,14/14,155,29/12,17816939,03/06/20,,,,,,,
9102-NGQ,VW/FOX 1.6 GII ,PRATA/6940,43780,157,17/3,9642900,10/01/21,,,,,,,
9116-NKU,HONDA/CG 125 FAN KS,VERM/2045,09/10,155,6/1,17966989,22/01/21,,,,,,,
9124-NGK,HONDA/ CG 150 TITAN ,VERM/4449,06/06,155,22/08,15-09,37825065,,,,,,,
9125-NKZ,HONDA / CG 125 FAN ,PRETA/0760,08/08,155,21/11,22157293,22/03/22,,,,,,,
9125-PQZ,VW/FOX 1.6 PLUS,PRETA/8603,43685,157,21/4,10048036,19/03/19,,,,,,,
9134-JEF,VW/GOL 1.0,PRATA/5906,43653,157,13/3,9580003,21/04/19,,,,,,,
9173-KEI,VW/GOL 1.0,PRETA/8417,11/11,157,23/1,13814234,15/03/19,,,,,,,
9177-PQY,VW/GOL 1.0 GIV,BRANCA/2559,12/13,155,10/11,12690468,12/02/20,,,,,,,
9179-KFB,HONDA/CBX 250 TWISTER ,VERM/5422,02/03,157,01/07,25427577,02/07/22,,,,,,,
9179-ONU,VW/GOL 1.0 PLUS,CINZA/2802,00/01,155,10/2,13806009,11/11/19,,,,,,,
9194-DJJ,HONDA BIZ/C100 ES,VERM,04/04,155,6/4,14597042,11/02/20,,,,,,,
9195-JGE,FIAT / UNO MILLE FIRE,BRANCA/7822,44594,157,21/2,23693811,08/03/22,,,,,,,
9213-NBN,VW/GOL 1.6 RALLYE,BRANCA/3695,43445,157,22/10,8512680,17/04/20,,,,,,,
9223-JIE,VW/GOL 1000,PRATA/6208,94/95,155,5/6,15545249,30/11/18,,,,,,,
9246-JJP,HONDA/CG 125 TITAN,VERM/8138,02/02,155,13/2,34318901,15/02/24,,,,,,,
9248-KEE,HONDA/C100 BIZ ES,VERM,00/00,155,3/3,14075510,03/03/20,,,,,,,
9263-KEZ,HONDA C/100 BIZ ,PRATA/3048,3/3,155,06/08,25921199,06/08/22,,,,,,,
9266-PZM,VW/GOL CL,BRANCA/3237,94/94,155,28/1,13641968,08/07/20,,,,,,,
9278-KBA,HONDA/CBX 150 AERO,VERM/2907,92/92,155,09/12,33273536,12/12/23,,,,,,,
9284-OOF,HONDA/CG 15 TITAN,VERME/8919,14/14,157,15/4,19069954,17/04/21,,,,,,,
9287-OMR,VW/GOL CL ,BEGE,90,155,28/10,12511780,29/01/20,,,,,,,
9299-KCL,FORD/DEL REY,CINZA/7016,84/84,155,17/11,17334393,28/10/19,,,,,,,
9316-JJE,VW/GOL CL 1.8,BRANC/5401,94/94,155,4/7,15544712,02/12/20,,,,,,,
9317-OZW,VW/GOL CLI 1.8 ,PRTATA/8697,95/95,155,25/8,11674259,06/07/20,,,,,,,
9334-NFW,HONDA/C 100 BIZ,VERM/7826,43956,155,16/10,20460380,27/07/21,,,,,,,
9354-ONZ,FIAT/PALIO FIRE WAY ,BRANCA/2270,14/15,155,08/05,30012057,11/05/23,,,,,,,
9357-OBJ,HONDA/CG125 FAN ES,PRETA/5677,12/13,157,07/12,27777653,09/12/22,,,,,,,
9397-NGQ,HONDA/CG 125 FAN,CINZA/5687,07/08,155,24/05,24897766,27/05/22,,,,,,,
9400-PQN,VW/GOL ESPECIAL,BRANC/0933,01/01,155,27/6,15589520,25/08/19,,,,,,,
9459-JJE,VW/GOL MI,AZUL/3335,97,157,3/10,12274536,10/07/20,,,,,,,
9461-OHA,VW / VOYAGE ,BRANCA/6540,45638,155,11/05,35869701,19/05/24,,,,,,,
9471-NWI,VW/GOL MIL,BRANCA/3359,93/94,155,5/1,13372464,09/10/19,,,,,,,
9478-CJW,VW/GOL SPECIAL,VERM/2194,43526,155,1/8,11520869,06/01/20,,,,,,,
9490-EVU,VW/GOL SPECIAL MB,VERMELHA/0518,15/16,157,13/3,9653916,14/08/19,,,,,,,
9492-NVT,VW/SAVEIRO 1.6 CE,PRETA/3776,44875,157,27/1,23097958,28/01/22,,,,,,,
9521-HAN,FORD/ FOCUS HATCH,PRETA/9625,44321,157,10/8,20718116,15/08/21,,,,,,,
9521-PQL,VW/UP TAKE MA,BRANCA/3095,15/16,155,6/5,19321194,07/05/21,,,,,,,
9526-NEW,VW/GOL TL MB S,BRANCA/8208,14/15,157,16/1,14008211,20/03/19,,,,,,,
9549-NWJ,FORD / FIESTA ,PRATA/7581,11/12,155,2/1,22746377,02/01/22,,,,,,,
9552-KDR,VW/NOVA SAVEIRO CE TROP,BRANCA/0984,13/14,157,2/11,16962888,26/02/20,,,,,,,
9555-NKT,HONDA/CG150 TITAN MIXESD,VERM,09/09,157,25/5,15101923,29/05/20,,,,,,,
9559-NFG,TOYOTA HILUX CD4X4 SRV,PRETA,07/07,157,26/10,17156434,18/11/20,,,,,,,
9563-NVQ,HONDA/BIZ 125 ES,ROSA/1194,44479,155,12/8,20724074,17/08/21,,,,,,,
9565-ONT,HONDA/BIZ 125 EX,BRANCA/4780,13/14,155,26/01,28396778,27/01/23,,,,,,,
9566-KEM,HONDA/CG 125 ES,VERM/9802,02/02,155,16/06,30871646,07/07/23,,,,,,,
9570-NKI,VW/SAVEIRO 1.6,BRANCA,09/09,155,13/8,16007026,15/08/20,,,,,,,
9617-KBL, HONDA/CBX 200 STRADA,VERM,94/94,155,17/8,11568299,20/08/19,,,,,,,
9624-KDU,VW/GOL SPECIAL,BRANC/7781,00/00,155,19/10,38380171,19/10/24,,,,,,,
9638 OMQ,HONDA BIZ 125,PRETO/1878,14/15,155,,21643944,18/10/21,,,,,,,
9648-KES,FIAT/ FIORINO IE,BRANCA/8118,02/02,155,08/12,39634716,05/01/25,,,,,,,
9663-NGR,VW/SAVEIRO 1.6 CE (CAMPO LIMPO),PRATA/6191,43779,157,20/4,10046559,15/08/20,,,,,,,
9674-HJS,HONDA / CG150 TITAN ES,PRETA,44083,155,12/12,17476207,21/04/19,,,,,,,
9674-NGN,HONDA/CG 150 TITAN KS,VERM/4836,06/06,155,25/12,2795615,27/12/22,,,,,,,
9687-NGR,HONDA/CG 150 TITAN ESD,VERM/2466,45145,155,10/10,32499810,21/10/23,,,,,,,
9691-NFF,HONDA/C100 BIZ ES,VERM,04/04,155,14/1,13469123,14/01/20,,,,,,,
9709-JHE,VW/GOL 1.6,PRETA/3257,08/09,155,6/2,18162048,06/02/21,,,,,,,
9709-JUX,YAMAHA/CRYPTON T105E,BEGE/2289,44290,155,31/10,22269327,30/11/21,,,,,,,
9714-MOG,VW/SAVEIRO CROSS,BRANCA/4612,44177,157,28/11,17283713,06\02,,,,,,,
9735-JJU,HONDA/ CG 150 TITAN KS,CINZA/2842,8/8,155,21/05,35908259,22/05/24,,,,,,,
9735-NGM,HONDA/CG 150 TITAN,AZUL/2012,06/06,155,29/11,33101661,30/11/23,,,,,,,
9735-NGM,HONDA/CG 150 TITAN,AZUL/2012,06/06,155,29/11,33101661,30/11/23,,,,,,,
9742- KDR, VW/GOL 16V  ,VERM/4932, 99/99,155,30/5,19648289,30/05/21,,,,,,,
9747-DBF,VW GOL SPECIAL,CINZA/0108,02/02,155,10/08,Obs: Recuperado DF,11/08\24,,,,,,,
9751-NKZ,YAMAHA/FACTOR YBR125,PRATA/7799,08/09,155,20/11,27455739,21/11/22,,,,,,,
9752-PQL ,HONDA/CG 160 FAN,PRATA/9164,16/16,157,04/12,27871166,05/12/22,,,,,,,
9776-PQV,VW/SAVEIRO CROSS ,PRATA/2302,12/13,157,22/4,10071014,28/11/20,,,,,,,
9788-NKZ,HONDA/BIZ125KS,VERM/9865,09/09,155,14/10,38708653,08/11/24,,,,,,,
9803-KFB,VW/UP TAKE MA,PRATA/4624,15/16,157,7/12,13054267,23/04/19,,,,,,,
9806-KBX,VW/VOYAGE,PRATA/6801,11/12,157,8/3,14190939,11/12/19,,,,,,,
9817-GWV,YAMAHA 150 FAZER SED,PRETA/2338,18/18,157,28/3,14387073,11/03/20,,,,,,,
9834-GOT,FIAT UNO MILLE,BEGE/1474,91/91,155,24/10,21741689,24/10/21,,,,,,,
9853-JFN,YAMAHA FACTOR YBR 125,PRETA/3208,08/09,155,27/5,15103687,29/03/20,,,,,,,
9862-PZH,YAMAHA YBR 125,VERMELHA/0419,2003,157,1/5,10251618,29/05/20,,,,,,,
9914-NKU,I/SHINERAY XY 50 Q,PRETA/5970,44781,155,10/2,23510861,24/02/22,,,,,,,
9923-JEC,YAMAHA/ FACTOR YBR 125 ,VERM/5424,12/12,157,1/4,14427951,07/05/19,,,,,,,
9925-BNM,GM/KADETT SL EFI,CINZA/7951,93/93,155,22/12,17636369,26/12/20,,,,,,,
9947-KEF,HONDA/CG 125 TITAN KS,AZUL,00/00,155,15/4,12085938,25/09/19,,,,,,,
9972-AAG,GM/CARAVAN LUXO ,BEGE/2851,82/82,155,20/05,24811798,21/05/22,,,,,,,
9972-KDG,VW/GOL MI,VERM/1514,97/98,155,12/01,33787420,13/01/24,,,,,,,
9982-NPX,YAMAHA/FACTOR YBR 125,AZUL/6847,08/09,155,22/6,15418249,23/12/19,,,,,,,
9984-JTV,HONDA/C100 BIZ,AZUL/4575,99/99,155,27/10,27133699,28/10/22,,,,,,,
9B28-RBZ,FIAT/STRADA FREEDOM CS,BRANCA/8186,20/21,157,21/08,26236285,27/08/22,,,,,,,
9B34-OWZ,FORD/FIESTA,PRATA/2308,14/14,155,31/01,40058141,01\02\25,,,,,,,
9C09-KCC,HONDA/CG 125 TITAN,VERM,94/95,155,23/11/20,17224489,23/11/20,,,,,,,
9C31-JKP,VW/NOVO GOL 1.0,BRANCA/7513,13/13,157,03/06,25032219,04/06/22,,,,,,,
9D55-MWV,YAMAHA/LANDER XTZ 250,AZUL/4153,8/9,155,30/08,31716040,,,,,,,,
9D82-KDT,HONDA/CG 125 TITAN,VERM/1124,99/99,157,07/12,27843303,17/12/22,,,,,,,
9E78-KEU,HONDA/CG125 TITAN,AZUL/7175,02/03,155,05/09,26377120,07/09/22,,,,,,,
9F82-SCE,HONDA/160 TITAN,VERM/7513,22/22,157,08/10,38288458,13/10/24,,,,,,,
9F82-SCE,HONDA/160 TITAN,VERM/7513,22/22,157,08/10,38288458,13/10/24,,,,,,,
9G13-BEL,CHEV/ONIX JOY BLACK,PRATA/5994,20/21,157,11/02,28617743,11/02/23,,,,,,,
9G97-PQE,HONDA/CG 150 FAN ESDI,VERME/1526,15/15,157,10/02,34261649,11/02/24,,,,,,,
9H05-PBM,FIAT CRONOS DRIVE COR BRANCA 18/19. ART 168 CPB                 32415759,,,,,,15/10/23,,,,,,,
9J06-PRF,HONDA/ CG 160 FAN  (NERÓPOLIS),VERM/4020,17/18,155,10/08,,,,,,,,,
9J53-HTX,FORD/KA,PRETA/4500,04/04,155,20/02,,,,,,,,,
JFW1E94,CORSA,PRATA\7288,28\06,155,,,,,,,,,,
JPS-0562,GM CORSA CLASSIC ,PRATA/8144,04/05,155,14/02,40281443,14/02/25,,,,,,,
KDC-8091,VW/GOL MI /,VERM/7774,97/98,155,18/01,,25/01/25,,,,,,,
ONH-1A91,HONDA/CG 150 TITAN EX,PRETA,13/14,155,,32812852,11/11/23,,,,,,,
3855-NLM,HONDA/ CG 125 FAN ,PRETA/4904,09/09,155,29/04,41544247,02/05/25,,,,,,,
4817-KEF,HONDA/BIZ C 100 ES,VERM/5013,00/00,155,28/04,41554879,02/05/25,,,,,,,
9864-KEE,HONDA/CG TITAN 125 (ABADIANIA),VERM/8284,01/01,155,30/04,41563078,03/05/25,,,,,,,
0087-ONF,TRAXX/JL50Q,VERM/3476,13/13,155,29/04,41627165,07/05/25,,,,,,,
9G02-RCB,HONDA/ CG 160 FAN,PRETA/1360,21/21,157,06/05,41660642,09/05//25,,,,,,,
0H21-NWB,HONDA/CG 125 FAN KS,VERM/0318,10/10,155,10/05,41673735,,,,,,,,
9E54-PRI,HONDA/ CG 160 TITAN ,PRATA/4525,19/19,157,12/05,41735392,13/05/25,,,,,,,
0I51-PAX,FIAT/ MOBI LIKE,VERM/4023,17/17,157,18/05,2287438,19/05/25,,,,,,,
3728-DLI,YAMAHA/YBR 125 K,VERM/1519,05/05,155,04/05,41824259,19/05/25,,,,,,,
2J08-KET,HONDA CG 15 TITAN,VERM/3668,02/03,155,12/05,41834367,20/05/25,,,,,,,
4C81-NKC,FIAT/SIENA FIRE,PRATA/8277,08/08,155,17/05,41863941,22/05/25,,,,,,,
6871-ONL,HONDA/CG 125 FAN KS ,VERM/5694,13/14,155,21/05,41876960,22/05/25,,,,,,,
HPA-0706,FIET/PALIO WEEKEND ,VERM/,98/98,155,24/05,41915386,25/05/25,,,,,,,
6C47-SDE,YAMAHA/ FZ15 FAZER,VERM/9759,23/24,157,31/05,4213609,31/05/25,,,,,,,
4G51-PRM,HONDA/CG 160 FAN,VERM/4050,18/18,157,02/06,42059146,03/06/25,,,,,,,
7148-KEX,HONDA/CG 125 TITAN KS ,VERM/7073,02/03,157,27/05,42074693,04/06/25,,,,,,,
6704-JDV,FIAT/UNO ELETRONIC ,AZUL/2404,94/94,155,07/05,42071402,04/06/25,,,,,,,
0B31-JJK,FIAT UNO/SPORTING,AMAR/7142,12/12,157,04/06,42091076,05/06/25,,,,,,,
8H15-NKH,VW/GOL 1.0,PRATA/4743,08/09,155,09/06,42145154,09/06/25,,,,,,,
8138-KEX,HONDA/CG 125 TITAN ES,VERDE/1117,2/3,155,06/06,42145237,09/06/25,,,,,,,
4516-NLA,HONDA/ CG 125 CARGO,BRANC/2650,09/09,155,31/05,VEICULO FURTADO PELO FILHO,,,,,,,,
2J03-QOR,RENAULT/ LOGAN ,PRATA/2604,18/19,155,04/06,42162176,10/06/25,,,,,,,
2027-NWN,HONDA/CG 125 FAN ES,PRETA/3693,11/11,155,09/06,42172731,10/06/25,,,,,,,
5974-OND,HONDA/ BIZ 125  (CORUMBÁ) ,ROSA/4537,13/13,157,14/05,42224200,15/06/25,,,,,,,
4035-KCB,VW/PARATI CL,BEJE/1542,91/91,155,16/06,422668698,16/05/25,,,,,,,
2F38-FQK,FIAT/TORO VOLCANO AT9 D4,BRANCA/6057,21/21,155,11/06,42268893,16/05/25,,,,,,,
3992-KEJ,GM/S10 DELUXE 2.8 ,BRANCA/8099,01/01,155,13/05,42272815,17/06/25,,,,,,,
1J41-NFV,HONDA/BIZ C100,VERM/0689,5/5,155,21/06,42417868,25/06/25,,,,,,,
5E66-BZY,GM / CORSA WIND,PRETA/1189,95/96,155,25/06,42425199,26/06/26,,,,,,,
1128-PQB,R/JUNIOR CIA 501(CARRETINHA),CINZA/1663,15/15,155,27/06,42450904,28/06/25,,,,,,,
8A71-NGT,HONDA/CBX 250 TWISTER,VERM/4961,06/07,155,19/06,42536396,03/07/25,,,,,,,
6024-JEX,GM/CHEVETTE MARAJO ,DOURADO/8184,87/87,155,15/06,42530784,03/07/25,,,,,,,
2326-KDU,HONDA/CG 125 TITAN,VERM/4872,99/99,155,11/06,42527447,03/07/25,,,,,,,
7J51-GFS,MOTU/ SPORT 110 I,PRETA/0107,23/24,155,22/06,42549448,04/06/25,,,,,,,
7J82-JGG,VW/GOL 1.0 ,VERM/9408,07/07,155,09/07,42617438,09/07/25,,,,,,,
5I19-QXJ,FORD KA SE 1.0,BRANCA/9226,20/20,155,12/07,42681739,13/07/25,,,,,,,
4C30-CPT,FIAT/MOBI LIKE,BRANCA/3181,19/20,157,14/07,42716503,15/07/25,,,,,,,
2J39-KBJ,HONDA / CG 125 TODAY,VERM/3832,89/89,155,04/08,43155192,12/08/25,,,,,,,
6D44-JKE,CHEVROLET/ SONIC LTZ,VERM/8693,12/12,155,15/08,,,,,,,,,
3312-JOI,HONDA/CG 125 TITAN KS ,VERM/0343,00/00,155,26/08,43418714,29/08/25,,,,,,,
0G92-QTQ,YAMAHA/ FAZER FZ25,PRETA/8111,20/20,155,28/08,43430676,30/08/25,,,,,,,
1I65-KBT,HONDA/ CG 125,VERM/9391,85/85,155,30/08,43479342,01/09/25,,,,,,,
0G56-HMA,VW/GOL 1.0 (G4),PRATA/5052,45972,155,19/09,43775917,20/09/25,,,,,,,
0A70-NTS,FORD/KA ,PRATA/6041,10/11,157,22/09,43811992,22/09/25,,,,,,,
0H58-NLN,HONDA/CG 125 FAN KS,PRETA/9361,10/11,155,03/09,43814372,22/09/25,,,,,,,
5I65-QNX,HONDA/CG 160 START,PRETA/6255,18/18,155,09/09,43606834,22/09/25,,,,,,,
5I65-QNX,HONDA/CG 160 START,PRETA/6255,18/18,155,09/09,,,,,,,,,
9H18-PQC,HONDA/CG 160 FAN,VERM/5408,15/16,155,29/09,43924631,30/09/25,,,,,,,
1G22-KES,HONDA/C100 BIS,PRETA/6931,02/03,155,28/09,6232769,,,,,,,,
3349-KES,GM/CORSA CLASSIC,PRATA/1856,02/03,155,22/10,44421786,31/10/25,,,,,,,
5855-HRI,GM BLAZER DLX,VERDE/0217,98/98,155,16/10,44455578,03/11/25,,,,,,,
8087-PRN,HONDA/CG 160 TITAN,PRATA/8532,18/19,155,16/11,44691144,,,,,,,,
9C88-NVU,HONDA/CG 125 FAN KS,VERM/4068,10/10,155,21/11,44759663,23/11/25,,,,,,,
4002-ONG,FORD/KA SE 1.0,VERM/7173,14/15,157,27/11,44799511,26/11/25,,,,,,,
9788-NKZ,HONDA/ BIZ 125 KS,VERM/9865,09/09,155,02/11,44999673,09/12/25,,,,,,,
9194-KEI,CORSA/WIND,CINZA/3918,1/1,155,14/12,,,,,,,,,
2715 - NVR,HONDA CG 150 TITAN,VERDE - 6446,10,155,29/12,45322409,31/12/25,,,,,,,
7A00 - SCN,FORD RANGER - PRETA - 2023 - FURTADO  EM SÃO FRANCISCO - OCR EM CAMPO LIMPO,,,,,,,,,,,,,
7538-PZN,FORD ECOSPORT SE (PIRENOPOLIS),PRATA - 9485,17,155,31/12,45385436,05/01/25,,,,,,,
7C03-OOC ,HONDA/ CG 150 FAN,VERM - 9442,14/14,155,11/01,45504456,13/01/25,,,,,,,
2125-PQW,HONDA / CG 160 TITAN EX,BRANC-5918,16/16,155,12/1,45508787,13/01/25,,,,,,,
1374-OMP,HONDA/ CG150 TITAN ESD,VERM- 5967,06/07,155,12/01,45548081,16/01/25,,,,,,,
2132-OGP,TRAXX/JL50 Q2,VERM-2828,12/12,155,24/01,45676277,24/01/26,,,,,,,
7A94-NFY,CELTA 4P SPIRIT - PRATA -  05/06 - 168 (45520834),,,,,,,,,,,,,
3918-JQB,VOLVO/FH12 380 4X2T,BRANC-7493,3/3,157,24/01,45683213,24/01/26,,,,,,,
4I96-OHA,I/JAC J3 TURIN,AZUL-3390,11/12,157,23/01,45721246,27/01/26,,,,,,,
6A67-RBM,CHEV/ONIX 12.0 MT,BRANC-,,,,45719313,,,,,,,,
0009-OLH,HONDA CG 125 FAN KS,ROXA/6584,12/12,155,28/01,45757137,29/01/26,,,,,,,
6I79-KEC,FIAT/ PALIO EX ,VERDE - 5157,00/01,157,03/01,45450158,04/01/26,,,,,,,
8A52-TFN,SHINERAY/SHI 175 ,PRETA-6016,25/25,155,30/01,45818501,03/02/26,,,,,,,
6A67-RBM,CHEV/ONIX 1.0 LT,BRANC/2614,20/21,155,26/01,45719313,27/01/26,,,,,,,
0618-JJJ,RENAULT/ SANDERO STEPWAY,PRETA - 7147,11/12,155,17/12,45760065,30/01/26,,,,,,,
6350-KED,VW/GOL,CINZA/5593,00/01,155,23/02,46122333,24/02/26,,,,,,,
2H88-OMN,YAMAHA /FAZER 250,BRANC/6578,14/15,155,24/12,46175909,87/02/26,,,,,,,
7705-NXC        ,HONDA/ NXR 150 BROS,PRETA/5414,11/11,155,04/03,46260778,05/03/26,,,,,,,
7397-OMY,HONDA/ CG 150 TITAN,VERM/3435,12/13,155,02/03,46300003,08/03/26,,,,,,,
6H28-ONO,HONDA/CG 150 FAN,PRATA/5728,14/15,155,27/03,46557790,27/03/26,,,,,,,
2233-BFN,GM/ MONZA SL 2.0,VERM/5629,91/91,155,05/04,,,,,,,,,
9D44-NGT,JTA/ SUZUKU 125 YES,PRATA/3921,07/07,155,05/04,46691720,06/04/26,,,,,,,
2B72-OMJ,HONDA/CG 150 FAN,VERM/2272,13/13,155,03/04,,,,,,,,,
0F66-NWD,HONDA/CG 125 FAN,PRETA/ 0626,10/10,155,16/04,46912912,,,,,,,,
8B01-ONV,HONDA/CG 150 TITAN,PRETA/ 5939,14/14,155,23/03,46998724,28/04/26,,,,,,,
0516-NVS,HONDA/CG 150 TITAN MIX EX,VERM/ 0720,10/10,155,25/04,46990782,28/04/26,,,,,,,
6G67- JJP,HONDA/CG 125 TITAN KS,AZUL/4509,02/02,155,18/05,47275705,19/05/26,,,,,,,
9D58-RBP,HONDA/NXR 160 BROS ESD,VERME/0783,19/20,155,22/05,47373984,26/05/26,,,,,,,
,,,,,,,,,,,,,,
,,,,,,,,,,,,,,
,,,,,,,,,,,,,,
3036-NGF,PEUGEOUT/ 206 SW14,PRATA/8915,07/07,155,19/05,47326990,23/05/26,,,,,,,
7F55-JHN,FORD/FIESTA FLEX,PRATA/5290,07/08,155,19/05,47331626,23/05/26,,,,,,,